customer_id,tenure_months,monthly_charge,contract_type,num_support_calls,has_autopay,num_products,satisfaction_score,churned
C100000,2,38.91,one_year,1,1,2,4,0
C100001,36,61.86,one_year,2,1,2,1,0
C100002,14,64.56,month-to-month,3,1,2,5,0
C100003,31,34.28,month-to-month,1,1,4,4,0
C100004,72,25.82,one_year,2,1,3,3,0
C100005,19,99.86,two_year,3,1,2,4,0
C100006,17,62.99,month-to-month,1,0,1,5,0
C100007,2,66.07,month-to-month,1,0,1,1,0
C100008,8,54.04,two_year,4,0,2,4,0
C100009,17,108.09,month-to-month,3,0,1,1,0
C100010,27,64.45,month-to-month,0,1,1,1,0
C100011,39,25.87,month-to-month,0,1,4,4,0
C100012,12,81.45,month-to-month,4,0,1,1,1
C100013,2,45.68,month-to-month,2,1,1,1,1
C100014,8,80.14,month-to-month,0,1,2,2,0
C100015,58,66.27,month-to-month,1,0,3,3,0
C100016,6,100.65,two_year,0,1,1,5,0
C100017,14,81.2,two_year,1,1,1,3,0
C100018,64,60.33,two_year,0,0,3,5,0
C100019,1,104.49,one_year,3,0,1,4,1
C100020,22,136.41,two_year,2,1,3,4,0
C100021,72,56.64,one_year,1,1,1,5,0
C100022,6,96.4,month-to-month,1,1,2,1,0
C100023,19,78.98,month-to-month,4,1,1,5,0
C100024,58,80.84,month-to-month,2,1,2,3,0
C100025,3,39.46,one_year,2,1,3,2,0
C100026,18,45.92,month-to-month,2,0,4,4,1
C100027,33,104.64,month-to-month,1,0,3,3,0
C100028,27,73.61,month-to-month,4,1,1,1,0
C100029,15,56.86,month-to-month,0,1,1,2,1
C100030,6,114.13,two_year,1,0,2,5,0
C100031,16,99.98,one_year,1,1,3,3,0
C100032,11,88.04,month-to-month,1,1,2,1,0
C100033,16,46.0,month-to-month,2,0,2,4,0
C100034,11,69.75,two_year,2,0,3,5,0
C100035,44,106.2,two_year,2,1,2,4,0
C100036,35,20.1,month-to-month,0,0,3,2,0
C100037,9,30.99,month-to-month,1,0,3,3,0
C100038,20,50.38,month-to-month,0,1,1,3,0
C100039,8,93.99,one_year,1,1,4,3,0
C100040,14,75.72,month-to-month,1,1,3,1,0
C100041,10,81.66,two_year,1,0,1,4,0
C100042,26,74.89,one_year,2,1,2,2,0
C100043,11,72.64,month-to-month,1,1,1,4,0
C100044,15,99.8,month-to-month,1,0,1,1,1
C100045,30,150.0,two_year,1,0,3,5,0
C100046,13,81.7,month-to-month,1,0,1,3,0
C100047,57,102.48,one_year,1,0,3,2,0
C100048,5,59.36,month-to-month,2,1,3,4,0
C100049,32,109.68,two_year,2,1,1,1,1
C100050,13,72.59,month-to-month,1,1,2,5,0
C100051,13,74.71,month-to-month,1,0,1,2,0
C100052,24,58.91,month-to-month,2,0,2,4,0
C100053,18,51.45,month-to-month,0,1,1,1,0
C100054,13,56.84,month-to-month,3,0,3,1,0
C100055,0,46.23,two_year,1,0,3,5,0
C100056,2,38.36,month-to-month,0,0,1,3,0
C100057,30,115.9,one_year,1,0,1,2,0
C100058,18,81.33,one_year,1,1,3,5,0
C100059,29,94.77,one_year,3,0,1,4,0
C100060,72,82.86,two_year,1,0,2,1,0
C100061,28,35.11,month-to-month,1,0,4,2,1
C100062,1,71.16,month-to-month,0,1,2,5,0
C100063,9,48.31,month-to-month,2,1,1,5,0
C100064,22,50.44,month-to-month,1,0,1,3,1
C100065,6,67.53,one_year,2,1,2,1,0
C100066,72,74.45,two_year,0,1,2,4,0
C100067,70,72.64,month-to-month,1,1,4,1,0
C100068,45,73.48,two_year,1,1,4,3,0
C100069,15,63.18,month-to-month,0,1,3,4,0
C100070,44,71.11,two_year,0,1,1,3,0
C100071,3,101.36,month-to-month,2,1,2,4,0
C100072,9,124.64,month-to-month,2,1,1,5,0
C100073,15,98.13,month-to-month,1,0,3,5,1
C100074,33,64.82,one_year,1,0,2,2,0
C100075,16,80.08,one_year,2,0,4,4,1
C100076,4,94.19,two_year,1,1,4,1,1
C100077,10,95.32,month-to-month,3,0,3,5,0
C100078,9,100.73,one_year,4,0,1,3,0
C100079,9,101.18,month-to-month,0,1,2,4,1
C100080,4,80.4,one_year,0,0,2,4,0
C100081,13,63.38,month-to-month,1,1,1,5,1
C100082,14,32.06,two_year,0,1,2,1,0
C100083,36,96.92,one_year,1,1,1,1,0
C100084,38,85.59,one_year,1,0,1,2,1
C100085,18,48.98,one_year,1,0,2,1,0
C100086,15,70.62,two_year,3,0,2,2,1
C100087,36,60.32,two_year,0,0,1,3,0
C100088,52,59.28,month-to-month,2,1,3,5,0
C100089,27,113.6,one_year,0,1,1,1,0
C100090,39,61.27,month-to-month,2,0,1,3,0
C100091,67,130.59,month-to-month,1,1,3,4,1
C100092,1,66.82,one_year,1,0,2,5,0
C100093,50,52.29,one_year,1,1,1,4,0
C100094,8,73.4,one_year,2,1,4,3,0
C100095,15,130.15,month-to-month,1,1,2,2,0
C100096,38,66.29,month-to-month,1,0,2,1,0
C100097,30,82.85,one_year,2,1,4,3,0
C100098,4,15.0,one_year,0,1,2,1,0
C100099,26,84.71,two_year,1,1,4,3,0
C100100,2,35.87,two_year,4,0,1,1,0
C100101,11,67.12,two_year,3,1,3,1,0
C100102,40,103.96,one_year,0,0,2,2,0
C100103,13,63.75,month-to-month,3,0,4,3,0
C100104,22,87.89,one_year,4,1,2,5,0
C100105,31,64.4,month-to-month,1,0,1,4,0
C100106,41,61.63,one_year,3,1,1,3,0
C100107,34,76.91,month-to-month,0,1,4,3,0
C100108,0,97.07,one_year,1,1,2,4,0
C100109,13,72.43,month-to-month,2,1,2,2,0
C100110,15,69.5,month-to-month,2,0,1,1,1
C100111,1,46.09,one_year,2,0,2,4,1
C100112,19,27.92,month-to-month,1,1,2,1,1
C100113,22,73.16,month-to-month,3,0,1,5,0
C100114,42,65.41,month-to-month,0,1,2,5,0
C100115,68,76.66,two_year,2,1,4,1,0
C100116,3,95.84,month-to-month,3,1,3,1,1
C100117,6,90.37,month-to-month,1,1,3,3,0
C100118,26,48.02,month-to-month,4,1,2,4,0
C100119,3,76.29,month-to-month,0,1,1,5,0
C100120,6,76.87,two_year,1,1,1,3,0
C100121,21,63.75,one_year,1,1,4,3,0
C100122,4,15.0,month-to-month,1,0,2,2,0
C100123,37,49.84,two_year,1,1,3,4,0
C100124,47,67.46,month-to-month,2,0,3,3,0
C100125,1,88.65,month-to-month,4,1,1,5,1
C100126,18,61.98,month-to-month,1,0,3,4,1
C100127,38,34.95,one_year,1,1,3,4,0
C100128,72,103.69,two_year,2,0,2,2,0
C100129,8,68.75,one_year,1,1,3,4,0
C100130,4,58.27,month-to-month,3,1,3,2,0
C100131,50,82.91,month-to-month,2,1,3,5,0
C100132,58,86.87,month-to-month,1,1,2,3,1
C100133,5,67.61,month-to-month,2,0,1,3,0
C100134,14,54.98,month-to-month,0,1,1,2,0
C100135,30,55.35,month-to-month,2,0,2,5,0
C100136,45,89.37,month-to-month,3,1,2,3,0
C100137,4,66.05,month-to-month,2,1,3,4,0
C100138,26,81.89,one_year,2,0,1,1,0
C100139,40,21.81,month-to-month,4,0,1,1,1
C100140,19,57.12,month-to-month,2,1,4,5,0
C100141,4,59.89,two_year,2,1,2,4,0
C100142,1,57.63,one_year,0,0,3,3,1
C100143,8,20.8,one_year,1,1,2,2,0
C100144,40,58.22,month-to-month,0,1,3,1,0
C100145,1,108.58,month-to-month,2,0,2,2,1
C100146,0,76.92,month-to-month,1,1,1,4,0
C100147,11,56.17,month-to-month,3,0,1,5,0
C100148,2,51.35,one_year,1,1,2,4,0
C100149,4,35.45,one_year,2,0,1,5,0
C100150,1,74.95,month-to-month,0,1,1,4,0
C100151,18,49.7,one_year,1,0,4,1,0
C100152,29,59.33,two_year,1,0,2,4,0
C100153,13,91.46,month-to-month,1,1,1,3,0
C100154,3,92.75,month-to-month,0,1,1,5,0
C100155,10,84.64,month-to-month,0,1,1,4,0
C100156,21,27.78,month-to-month,0,0,1,5,0
C100157,68,55.05,one_year,1,1,1,1,0
C100158,72,98.57,month-to-month,2,1,4,1,0
C100159,7,39.55,month-to-month,1,1,3,4,0
C100160,0,100.45,month-to-month,1,1,2,1,0
C100161,43,68.43,month-to-month,2,0,1,3,0
C100162,63,92.76,two_year,4,1,2,1,0
C100163,15,58.68,one_year,2,0,1,4,0
C100164,35,39.93,month-to-month,1,0,2,5,0
C100165,48,43.7,two_year,1,1,2,1,0
C100166,23,105.42,month-to-month,4,1,1,2,1
C100167,49,60.96,one_year,2,1,1,1,0
C100168,1,38.43,one_year,3,1,2,2,0
C100169,8,89.4,one_year,0,1,3,4,0
C100170,8,30.42,one_year,2,0,3,1,1
C100171,3,64.93,two_year,2,0,3,1,0
C100172,58,77.46,month-to-month,0,1,1,4,0
C100173,1,76.31,month-to-month,1,0,3,5,0
C100174,27,79.54,month-to-month,0,1,2,5,0
C100175,2,66.73,month-to-month,2,0,3,2,1
C100176,11,15.0,one_year,2,1,1,3,1
C100177,13,75.07,month-to-month,3,1,1,5,0
C100178,5,67.83,two_year,2,1,1,5,0
C100179,18,63.96,two_year,3,1,1,5,0
C100180,18,81.17,month-to-month,3,1,2,5,0
C100181,9,88.1,month-to-month,1,1,4,5,0
C100182,32,74.25,month-to-month,0,0,2,4,1
C100183,4,106.41,two_year,2,0,3,4,0
C100184,5,123.76,one_year,2,1,1,5,0
C100185,11,76.06,one_year,1,0,1,4,0
C100186,11,60.2,one_year,0,0,3,4,0
C100187,6,36.53,one_year,1,1,1,3,0
C100188,60,83.32,month-to-month,3,1,2,3,0
C100189,42,24.46,month-to-month,1,1,2,5,0
C100190,3,111.04,two_year,1,1,4,2,0
C100191,11,93.34,one_year,1,1,3,5,0
C100192,6,55.75,one_year,2,1,4,4,0
C100193,14,85.92,month-to-month,1,1,3,2,0
C100194,8,47.11,one_year,2,1,2,1,0
C100195,17,41.33,one_year,1,0,3,3,0
C100196,61,87.98,month-to-month,1,1,1,5,0
C100197,12,43.44,month-to-month,4,0,1,4,1
C100198,25,75.03,one_year,1,1,1,5,0
C100199,22,65.66,month-to-month,1,1,2,4,0
C100200,33,107.96,month-to-month,1,0,4,1,0
C100201,2,76.72,one_year,0,1,1,5,0
C100202,33,108.37,two_year,2,1,2,4,0
C100203,70,90.52,one_year,3,1,1,5,0
C100204,22,49.64,two_year,0,0,1,3,0
C100205,8,39.67,month-to-month,0,0,2,1,0
C100206,27,16.07,month-to-month,0,1,3,5,0
C100207,30,69.67,month-to-month,2,1,1,5,0
C100208,26,15.0,one_year,3,1,3,1,0
C100209,4,48.26,two_year,1,1,4,1,0
C100210,72,15.0,month-to-month,0,1,1,5,0
C100211,72,53.2,month-to-month,1,0,1,5,0
C100212,13,86.4,month-to-month,2,1,2,3,0
C100213,22,46.8,month-to-month,2,0,4,2,1
C100214,1,54.88,one_year,1,1,1,4,0
C100215,72,57.26,month-to-month,2,1,4,4,0
C100216,41,75.41,month-to-month,0,1,1,1,0
C100217,24,31.65,month-to-month,0,1,2,4,0
C100218,34,71.35,month-to-month,1,1,1,4,0
C100219,5,66.04,month-to-month,0,1,3,4,0
C100220,9,42.75,month-to-month,2,1,3,5,0
C100221,7,44.01,one_year,2,1,3,1,0
C100222,22,98.82,two_year,0,0,4,5,0
C100223,2,86.65,month-to-month,4,0,2,2,1
C100224,54,79.24,month-to-month,2,1,1,2,0
C100225,15,47.64,two_year,1,0,1,3,1
C100226,14,59.87,two_year,1,1,1,4,0
C100227,3,35.94,two_year,0,0,3,3,0
C100228,28,24.4,month-to-month,1,1,3,1,0
C100229,41,56.65,month-to-month,0,0,1,4,1
C100230,24,53.42,month-to-month,1,1,3,5,0
C100231,7,37.18,month-to-month,2,0,3,1,0
C100232,37,37.84,two_year,4,0,4,1,0
C100233,4,77.54,month-to-month,1,0,1,3,0
C100234,42,56.7,month-to-month,3,1,4,4,0
C100235,21,28.81,two_year,2,1,3,4,0
C100236,8,119.31,month-to-month,1,1,1,1,1
C100237,17,24.77,month-to-month,0,1,1,1,1
C100238,24,73.57,month-to-month,4,0,3,1,0
C100239,7,43.12,month-to-month,0,1,3,1,1
C100240,45,85.16,one_year,1,0,2,3,0
C100241,13,70.0,month-to-month,0,1,1,2,1
C100242,53,93.61,month-to-month,2,0,3,3,0
C100243,43,66.47,two_year,2,1,4,5,0
C100244,3,49.3,two_year,1,1,3,5,0
C100245,25,104.29,month-to-month,0,0,3,2,0
C100246,9,66.77,month-to-month,1,0,3,1,1
C100247,34,62.96,month-to-month,1,0,3,5,0
C100248,19,64.39,two_year,2,0,1,2,1
C100249,15,50.0,month-to-month,0,1,4,1,0
C100250,54,76.98,one_year,0,0,1,3,0
C100251,1,110.13,two_year,1,0,3,3,0
C100252,20,105.55,two_year,1,1,3,1,0
C100253,10,75.63,one_year,1,1,3,4,0
C100254,1,84.31,month-to-month,1,0,4,2,1
C100255,34,86.87,one_year,0,0,4,5,0
C100256,20,52.28,month-to-month,1,0,2,5,0
C100257,54,105.44,one_year,0,1,2,4,0
C100258,22,74.43,one_year,5,0,2,3,0
C100259,10,22.75,month-to-month,2,0,3,3,1
C100260,72,83.57,month-to-month,0,0,4,1,0
C100261,3,45.32,month-to-month,4,0,3,4,0
C100262,1,75.66,month-to-month,1,1,2,3,0
C100263,32,85.04,one_year,2,0,4,2,0
C100264,11,60.36,one_year,1,0,2,3,0
C100265,11,75.01,two_year,0,1,1,2,0
C100266,50,101.87,one_year,2,0,1,4,0
C100267,10,33.65,two_year,2,1,3,1,0
C100268,53,20.98,one_year,2,0,1,1,1
C100269,25,65.05,two_year,4,0,2,1,0
C100270,10,62.05,two_year,2,0,4,1,1
C100271,1,119.98,month-to-month,1,1,1,1,1
C100272,7,92.91,two_year,1,0,4,4,0
C100273,72,81.19,one_year,0,0,3,1,0
C100274,12,65.49,two_year,2,0,3,1,0
C100275,4,19.62,one_year,0,1,3,2,0
C100276,8,34.85,month-to-month,2,0,1,4,0
C100277,55,59.76,two_year,1,0,1,5,0
C100278,4,72.52,month-to-month,1,1,2,3,0
C100279,36,57.2,month-to-month,5,0,1,4,0
C100280,3,70.6,month-to-month,2,0,2,3,0
C100281,72,85.3,one_year,2,0,3,4,0
C100282,18,50.03,month-to-month,1,1,1,4,0
C100283,1,57.14,one_year,5,0,1,2,0
C100284,64,43.52,one_year,1,1,2,1,0
C100285,11,97.94,two_year,3,0,1,3,0
C100286,32,17.11,month-to-month,2,1,3,1,1
C100287,18,82.65,month-to-month,0,0,1,4,0
C100288,2,86.85,two_year,0,0,1,3,0
C100289,3,16.86,one_year,1,0,1,4,0
C100290,4,55.53,month-to-month,2,1,3,1,1
C100291,4,94.62,two_year,0,0,2,1,1
C100292,1,44.97,month-to-month,2,0,2,5,0
C100293,1,53.08,month-to-month,5,0,1,4,0
C100294,71,66.43,month-to-month,2,1,3,2,1
C100295,2,100.36,two_year,3,0,2,2,1
C100296,17,82.94,month-to-month,0,1,3,2,0
C100297,3,50.33,month-to-month,3,1,1,3,0
C100298,6,33.02,month-to-month,0,0,4,3,0
C100299,35,29.68,one_year,2,0,3,1,0
C100300,67,75.72,one_year,0,0,1,3,0
C100301,15,15.0,month-to-month,0,1,1,4,0
C100302,0,52.81,month-to-month,1,1,3,3,1
C100303,72,82.08,month-to-month,2,1,2,3,0
C100304,1,37.18,month-to-month,2,1,1,4,0
C100305,12,59.13,month-to-month,1,1,2,2,1
C100306,19,64.4,month-to-month,1,1,2,1,1
C100307,53,86.0,month-to-month,2,0,4,4,0
C100308,42,33.43,month-to-month,1,1,3,5,0
C100309,23,68.87,month-to-month,2,1,1,4,0
C100310,12,65.73,one_year,3,1,3,3,0
C100311,43,69.71,two_year,1,1,1,4,0
C100312,49,27.73,month-to-month,1,0,3,2,0
C100313,49,79.79,one_year,1,0,1,5,0
C100314,30,46.05,two_year,1,0,1,2,0
C100315,2,64.27,month-to-month,0,1,4,5,0
C100316,9,45.91,two_year,3,0,2,4,0
C100317,16,115.62,month-to-month,2,0,1,4,0
C100318,17,68.56,two_year,4,0,2,3,0
C100319,43,120.66,one_year,0,0,1,1,0
C100320,7,51.55,month-to-month,2,0,3,5,1
C100321,26,60.25,month-to-month,0,1,1,1,0
C100322,11,104.07,month-to-month,1,1,1,4,0
C100323,36,58.04,month-to-month,2,0,1,1,1
C100324,5,78.29,month-to-month,3,0,2,4,1
C100325,16,96.09,two_year,2,0,1,1,0
C100326,3,58.01,two_year,0,1,1,3,0
C100327,6,50.4,two_year,2,1,2,2,0
C100328,66,61.1,month-to-month,2,0,4,1,0
C100329,9,92.62,two_year,1,1,4,5,0
C100330,54,78.03,month-to-month,1,1,2,2,0
C100331,18,99.57,month-to-month,1,1,3,5,0
C100332,1,60.75,month-to-month,1,1,1,3,1
C100333,38,55.43,month-to-month,1,1,1,5,1
C100334,1,39.16,two_year,1,0,3,1,0
C100335,42,59.88,one_year,1,0,2,4,0
C100336,0,52.59,month-to-month,1,1,2,5,0
C100337,27,64.36,month-to-month,2,0,1,4,0
C100338,4,43.85,one_year,0,1,2,3,0
C100339,10,49.49,month-to-month,4,0,4,1,0
C100340,72,59.58,month-to-month,2,1,1,1,1
C100341,16,91.51,one_year,3,1,1,1,0
C100342,26,59.03,month-to-month,0,1,1,3,0
C100343,32,53.04,one_year,3,1,2,1,0
C100344,3,92.99,one_year,2,1,3,5,0
C100345,44,100.98,one_year,0,1,3,2,0
C100346,59,59.92,month-to-month,1,1,4,4,0
C100347,4,60.96,month-to-month,4,0,2,4,1
C100348,19,22.13,two_year,0,0,3,5,0
C100349,8,28.49,one_year,0,1,1,3,0
C100350,32,66.2,two_year,3,0,4,1,0
C100351,1,102.03,month-to-month,2,1,1,5,0
C100352,17,113.44,one_year,0,0,3,5,0
C100353,38,87.97,month-to-month,0,1,2,4,0
C100354,32,55.32,month-to-month,4,1,1,5,0
C100355,3,80.26,month-to-month,1,0,1,3,0
C100356,43,30.8,month-to-month,1,1,1,3,0
C100357,7,65.44,two_year,2,0,1,5,0
C100358,40,37.95,month-to-month,1,1,4,3,0
C100359,16,67.58,one_year,3,0,3,2,0
C100360,4,103.31,one_year,1,0,1,4,0
C100361,32,121.86,two_year,2,1,1,3,0
C100362,40,72.86,two_year,0,1,1,4,0
C100363,29,77.4,month-to-month,3,1,4,2,1
C100364,72,26.16,month-to-month,1,1,1,3,0
C100365,7,51.21,month-to-month,4,0,2,2,1
C100366,6,105.49,month-to-month,1,1,4,1,1
C100367,4,96.55,month-to-month,1,1,1,2,1
C100368,19,88.35,one_year,1,0,2,4,0
C100369,12,78.75,month-to-month,0,0,1,5,0
C100370,11,108.65,month-to-month,2,1,1,1,1
C100371,15,61.15,month-to-month,2,0,2,1,1
C100372,8,62.79,one_year,2,1,4,3,0
C100373,0,137.73,month-to-month,0,1,2,5,1
C100374,15,46.13,one_year,3,0,2,3,0
C100375,8,78.79,month-to-month,3,1,1,4,0
C100376,14,58.2,month-to-month,3,1,3,3,0
C100377,63,105.02,month-to-month,2,1,4,2,0
C100378,5,60.98,month-to-month,2,1,2,5,0
C100379,24,58.97,month-to-month,2,1,1,5,1
C100380,25,59.81,two_year,2,1,1,5,0
C100381,8,87.77,one_year,0,0,2,2,1
C100382,15,42.47,month-to-month,0,1,1,3,1
C100383,72,30.54,month-to-month,0,1,1,2,0
C100384,10,64.59,month-to-month,4,1,3,4,1
C100385,30,58.69,month-to-month,2,0,2,5,0
C100386,44,81.06,month-to-month,2,0,1,2,1
C100387,11,58.94,month-to-month,0,0,3,1,1
C100388,72,52.45,month-to-month,0,0,1,1,0
C100389,24,74.77,month-to-month,2,1,2,2,1
C100390,17,78.33,one_year,1,0,2,5,0
C100391,30,93.1,month-to-month,0,0,2,4,0
C100392,13,69.24,one_year,2,1,1,1,0
C100393,30,22.29,two_year,1,1,1,1,0
C100394,8,66.45,month-to-month,0,0,2,4,1
C100395,63,67.82,month-to-month,0,1,1,1,0
C100396,19,65.14,two_year,1,0,1,5,0
C100397,7,80.94,one_year,3,1,4,2,1
C100398,14,60.55,two_year,0,1,4,2,0
C100399,54,95.52,one_year,4,0,2,2,0
C100400,39,60.34,month-to-month,2,1,2,1,0
C100401,16,102.66,one_year,3,1,1,1,0
C100402,10,39.86,month-to-month,2,1,4,1,0
C100403,11,15.0,month-to-month,2,0,2,5,0
C100404,72,43.54,one_year,5,0,3,1,0
C100405,3,138.91,two_year,0,0,1,4,0
C100406,53,61.21,one_year,2,1,1,3,0
C100407,47,64.91,one_year,0,0,1,5,0
C100408,6,74.49,month-to-month,1,0,1,4,0
C100409,10,57.08,two_year,4,0,3,5,0
C100410,20,74.38,month-to-month,2,1,1,2,1
C100411,39,70.86,one_year,2,0,2,3,0
C100412,72,119.53,month-to-month,3,0,4,3,0
C100413,72,97.93,one_year,0,1,3,5,0
C100414,8,74.75,month-to-month,0,0,1,1,0
C100415,5,85.47,one_year,0,1,1,5,0
C100416,16,83.19,one_year,5,0,2,2,0
C100417,20,41.0,month-to-month,4,0,2,3,1
C100418,26,96.11,month-to-month,2,1,2,5,0
C100419,3,52.27,month-to-month,4,0,3,4,1
C100420,25,87.97,month-to-month,3,0,4,1,1
C100421,61,71.72,month-to-month,1,0,2,3,0
C100422,59,90.92,month-to-month,1,0,2,4,0
C100423,69,103.86,one_year,4,0,1,1,0
C100424,61,82.97,month-to-month,3,1,3,1,0
C100425,72,56.21,month-to-month,3,1,1,1,0
C100426,1,60.42,two_year,0,0,3,2,0
C100427,59,82.47,month-to-month,1,1,1,2,0
C100428,8,57.88,two_year,3,0,1,2,0
C100429,9,58.72,month-to-month,2,1,4,1,1
C100430,15,65.33,two_year,3,0,2,5,0
C100431,72,59.35,month-to-month,2,1,1,2,0
C100432,22,81.46,month-to-month,2,1,3,5,0
C100433,10,57.04,one_year,1,0,3,3,0
C100434,11,70.69,month-to-month,1,1,2,4,0
C100435,56,50.04,two_year,1,0,1,2,0
C100436,41,24.96,one_year,0,0,1,3,1
C100437,4,88.31,one_year,2,1,1,1,1
C100438,7,92.83,month-to-month,0,0,2,4,0
C100439,11,55.86,one_year,1,1,3,2,0
C100440,6,88.53,month-to-month,1,0,4,1,1
C100441,20,76.17,month-to-month,0,1,1,5,0
C100442,6,39.35,month-to-month,2,1,4,4,1
C100443,21,98.02,month-to-month,0,1,3,3,0
C100444,66,18.55,two_year,1,1,1,5,0
C100445,45,67.08,one_year,2,1,4,5,0
C100446,3,86.49,month-to-month,1,1,1,5,0
C100447,6,40.84,one_year,1,1,4,1,0
C100448,13,108.66,one_year,0,1,4,3,0
C100449,25,53.8,month-to-month,0,0,4,5,0
C100450,12,99.91,month-to-month,2,0,1,3,1
C100451,7,63.85,month-to-month,1,0,1,2,0
C100452,10,85.82,one_year,5,0,1,2,1
C100453,5,67.37,month-to-month,3,0,3,1,1
C100454,48,128.15,month-to-month,1,0,1,3,1
C100455,29,79.08,month-to-month,0,0,3,5,0
C100456,13,94.58,month-to-month,0,0,4,4,0
C100457,29,87.04,month-to-month,1,1,2,2,1
C100458,18,73.86,month-to-month,0,0,1,2,1
C100459,18,62.72,two_year,5,0,1,3,0
C100460,11,79.36,month-to-month,1,0,2,2,0
C100461,16,94.08,month-to-month,1,0,2,4,0
C100462,72,92.0,two_year,1,1,4,2,0
C100463,37,83.0,month-to-month,2,1,1,5,1
C100464,42,66.09,month-to-month,2,1,4,3,0
C100465,3,87.2,two_year,0,1,1,5,0
C100466,17,44.73,one_year,3,0,1,3,0
C100467,11,69.08,one_year,4,0,3,2,0
C100468,2,18.48,two_year,2,1,3,1,1
C100469,12,52.57,month-to-month,1,1,1,1,0
C100470,2,65.79,month-to-month,1,0,4,3,0
C100471,6,34.42,month-to-month,1,1,3,5,0
C100472,38,41.1,one_year,2,0,1,4,0
C100473,28,93.36,month-to-month,1,1,2,3,1
C100474,29,82.52,one_year,5,0,1,5,0
C100475,2,97.31,one_year,2,0,4,1,1
C100476,4,99.36,two_year,0,0,1,1,0
C100477,1,86.23,one_year,0,1,3,2,0
C100478,2,90.17,one_year,4,1,2,1,1
C100479,3,77.66,one_year,2,0,1,1,1
C100480,72,102.41,month-to-month,1,1,1,2,0
C100481,54,32.14,month-to-month,2,1,1,1,1
C100482,5,66.05,one_year,0,0,1,5,1
C100483,7,96.3,month-to-month,2,1,2,1,0
C100484,72,91.52,two_year,0,1,1,5,0
C100485,20,72.15,one_year,0,1,2,5,0
C100486,11,62.24,two_year,2,0,2,1,0
C100487,15,91.49,two_year,1,1,1,2,0
C100488,8,66.29,one_year,0,0,1,3,0
C100489,21,42.43,two_year,1,0,4,3,0
C100490,31,99.62,month-to-month,2,1,3,4,0
C100491,17,61.02,month-to-month,1,1,1,3,1
C100492,41,75.11,month-to-month,2,0,3,2,0
C100493,3,29.93,one_year,0,0,3,1,0
C100494,22,15.0,one_year,0,1,4,4,0
C100495,72,81.77,one_year,2,1,1,3,0
C100496,4,112.01,month-to-month,0,1,1,3,0
C100497,16,15.0,two_year,0,0,3,2,1
C100498,24,57.6,month-to-month,5,0,2,2,0
C100499,10,84.49,month-to-month,2,1,1,1,1
C100500,72,75.24,month-to-month,1,0,1,2,0
C100501,16,72.03,one_year,3,1,3,4,0
C100502,16,69.72,one_year,0,1,2,1,0
C100503,56,46.35,month-to-month,2,1,3,3,0
C100504,0,97.95,month-to-month,2,1,1,1,1
C100505,49,94.54,month-to-month,1,0,4,2,1
C100506,3,79.62,one_year,0,1,2,5,0
C100507,11,15.0,month-to-month,1,1,1,3,0
C100508,16,112.48,one_year,0,1,3,2,0
C100509,16,69.1,two_year,2,1,1,2,0
C100510,1,83.64,month-to-month,0,0,1,2,0
C100511,9,118.61,month-to-month,3,1,3,3,1
C100512,11,103.23,month-to-month,4,1,1,5,0
C100513,72,68.23,month-to-month,1,0,2,4,0
C100514,60,97.32,one_year,3,1,3,1,1
C100515,21,85.48,month-to-month,1,0,2,5,0
C100516,65,55.94,month-to-month,2,1,2,5,0
C100517,48,73.88,two_year,1,1,4,4,0
C100518,11,26.31,one_year,2,1,4,3,0
C100519,3,31.19,two_year,0,1,2,4,0
C100520,22,75.41,one_year,3,1,3,1,1
C100521,9,105.97,two_year,0,0,4,4,0
C100522,0,46.02,one_year,2,1,2,2,0
C100523,72,100.66,two_year,2,1,1,3,0
C100524,72,74.39,two_year,2,0,2,5,0
C100525,18,115.63,month-to-month,2,0,2,3,0
C100526,23,61.71,one_year,2,1,4,2,0
C100527,27,144.78,month-to-month,2,0,2,3,1
C100528,63,82.0,month-to-month,1,0,4,4,0
C100529,15,64.78,one_year,0,1,4,3,0
C100530,21,77.06,month-to-month,2,1,1,1,0
C100531,6,24.83,month-to-month,5,0,2,5,0
C100532,7,79.43,month-to-month,3,1,3,1,1
C100533,18,62.74,month-to-month,1,0,2,3,0
C100534,6,83.31,two_year,1,1,3,3,0
C100535,1,62.56,month-to-month,2,1,3,1,1
C100536,11,15.0,month-to-month,0,1,1,3,0
C100537,33,15.0,two_year,0,0,4,5,0
C100538,8,54.12,one_year,1,0,1,3,0
C100539,48,38.74,one_year,1,1,2,4,0
C100540,29,92.51,one_year,1,1,1,2,0
C100541,25,43.35,month-to-month,4,1,1,2,0
C100542,54,81.55,one_year,0,1,1,1,0
C100543,2,66.2,month-to-month,0,1,1,2,1
C100544,5,109.13,two_year,3,1,2,5,0
C100545,58,72.59,month-to-month,2,1,2,4,0
C100546,57,75.3,month-to-month,1,0,1,1,0
C100547,2,44.81,month-to-month,2,0,2,3,1
C100548,36,79.63,month-to-month,0,1,2,2,0
C100549,0,87.04,one_year,3,1,1,2,1
C100550,3,67.27,month-to-month,1,1,1,1,0
C100551,3,88.02,month-to-month,3,1,1,3,0
C100552,8,44.06,month-to-month,3,0,1,5,1
C100553,12,64.65,two_year,2,1,1,1,1
C100554,58,80.37,month-to-month,1,0,2,5,0
C100555,14,62.29,one_year,1,1,2,3,0
C100556,3,100.96,two_year,4,1,3,3,1
C100557,8,86.28,month-to-month,2,0,4,3,1
C100558,0,54.67,month-to-month,1,1,3,2,1
C100559,1,46.8,one_year,1,0,2,1,0
C100560,14,69.91,month-to-month,1,1,3,1,0
C100561,17,51.94,one_year,2,0,3,1,1
C100562,7,60.17,month-to-month,3,1,1,4,1
C100563,11,41.96,one_year,3,1,1,4,0
C100564,3,89.59,two_year,0,1,3,1,0
C100565,26,74.47,two_year,1,0,4,1,1
C100566,12,77.71,two_year,0,0,2,3,0
C100567,4,90.73,month-to-month,0,0,1,4,0
C100568,17,15.0,month-to-month,2,1,1,2,0
C100569,6,71.1,one_year,3,1,2,2,0
C100570,8,64.05,one_year,1,1,2,3,0
C100571,3,87.25,two_year,1,1,1,1,1
C100572,36,82.86,one_year,1,1,2,2,0
C100573,8,83.3,one_year,1,0,2,3,0
C100574,72,102.73,month-to-month,0,0,4,4,0
C100575,12,23.27,two_year,1,1,1,1,0
C100576,4,43.46,month-to-month,2,1,3,1,1
C100577,29,100.62,month-to-month,0,1,2,5,1
C100578,32,106.38,one_year,3,1,1,3,1
C100579,51,49.75,month-to-month,2,0,3,5,0
C100580,3,98.3,one_year,2,0,2,5,0
C100581,37,92.07,month-to-month,2,0,4,2,0
C100582,47,35.87,month-to-month,1,0,3,1,1
C100583,9,55.0,one_year,1,1,4,5,0
C100584,15,78.61,two_year,2,1,1,2,0
C100585,23,68.42,two_year,1,0,2,4,0
C100586,7,115.37,two_year,3,0,1,4,0
C100587,49,85.36,month-to-month,0,1,2,3,0
C100588,29,92.72,month-to-month,5,1,1,2,1
C100589,47,53.72,one_year,3,0,2,1,1
C100590,14,39.42,one_year,3,1,2,3,0
C100591,18,54.9,month-to-month,1,0,3,5,0
C100592,5,105.51,month-to-month,1,1,3,5,0
C100593,9,116.56,month-to-month,3,1,2,2,1
C100594,31,49.85,month-to-month,2,0,3,5,0
C100595,72,66.68,month-to-month,1,0,1,1,0
C100596,4,15.0,one_year,0,1,2,2,0
C100597,1,102.43,two_year,2,0,3,4,0
C100598,2,38.57,month-to-month,2,1,3,1,1
C100599,14,92.54,one_year,3,1,2,4,0
C100600,38,102.35,two_year,2,1,3,3,0
C100601,6,36.76,month-to-month,4,1,4,2,0
C100602,16,48.25,month-to-month,0,0,4,2,0
C100603,17,88.13,two_year,1,1,1,1,0
C100604,44,104.38,month-to-month,1,1,1,5,0
C100605,4,56.94,month-to-month,2,1,1,1,1
C100606,0,43.88,month-to-month,2,1,4,5,0
C100607,17,78.75,month-to-month,2,1,1,4,0
C100608,11,101.84,two_year,0,0,1,2,0
C100609,8,42.35,one_year,2,0,4,1,1
C100610,36,50.3,month-to-month,2,0,1,3,0
C100611,28,99.2,one_year,1,1,2,2,0
C100612,2,75.08,month-to-month,2,1,3,3,1
C100613,19,49.39,month-to-month,2,1,2,5,1
C100614,38,70.1,two_year,2,0,1,3,0
C100615,58,82.03,one_year,2,0,2,4,0
C100616,0,95.74,two_year,0,1,2,2,1
C100617,40,77.41,month-to-month,1,0,1,4,0
C100618,1,69.67,two_year,0,0,3,3,0
C100619,28,27.89,one_year,0,1,2,4,0
C100620,22,83.51,month-to-month,1,1,2,4,0
C100621,72,82.82,month-to-month,1,1,2,1,1
C100622,24,75.12,month-to-month,1,1,4,2,1
C100623,2,70.46,month-to-month,2,1,4,1,0
C100624,27,73.05,two_year,1,1,1,4,0
C100625,7,93.9,month-to-month,0,0,3,4,0
C100626,43,60.65,one_year,4,0,4,5,0
C100627,1,39.69,two_year,0,0,3,5,0
C100628,9,92.53,month-to-month,1,0,1,4,1
C100629,27,60.47,one_year,3,1,1,4,0
C100630,4,62.86,two_year,1,0,1,5,0
C100631,25,80.72,one_year,0,1,2,3,0
C100632,29,63.57,one_year,0,0,2,2,1
C100633,32,68.16,month-to-month,0,1,1,2,1
C100634,50,41.88,month-to-month,0,1,1,3,0
C100635,13,102.59,month-to-month,0,0,1,5,0
C100636,4,36.32,month-to-month,2,1,3,5,1
C100637,7,102.89,month-to-month,2,0,3,1,0
C100638,12,38.15,month-to-month,1,0,2,4,0
C100639,1,52.02,month-to-month,1,1,1,4,1
C100640,30,59.27,month-to-month,3,1,3,5,0
C100641,2,91.8,month-to-month,1,1,1,3,1
C100642,1,74.83,month-to-month,3,1,2,5,0
C100643,65,58.25,two_year,4,0,1,1,0
C100644,39,38.56,two_year,0,0,4,5,0
C100645,7,94.81,one_year,1,1,4,2,0
C100646,10,70.63,one_year,1,1,1,4,0
C100647,42,80.28,two_year,1,1,2,4,0
C100648,23,65.08,month-to-month,1,1,2,2,0
C100649,7,57.16,two_year,1,1,1,5,0
C100650,14,86.41,month-to-month,2,0,1,4,1
C100651,46,77.19,month-to-month,0,0,1,4,0
C100652,0,98.38,month-to-month,2,1,2,1,1
C100653,72,74.72,one_year,2,1,3,4,0
C100654,20,34.43,one_year,1,0,1,4,0
C100655,5,89.03,month-to-month,2,1,1,1,0
C100656,39,71.13,month-to-month,3,1,1,5,0
C100657,2,64.03,month-to-month,1,1,2,2,1
C100658,13,15.0,one_year,2,1,4,3,0
C100659,20,48.21,one_year,0,1,2,2,0
C100660,7,74.01,two_year,2,0,1,2,0
C100661,52,54.11,month-to-month,4,1,1,1,0
C100662,29,76.2,one_year,1,1,3,2,0
C100663,4,84.81,month-to-month,1,1,1,4,1
C100664,4,69.44,month-to-month,0,0,1,3,0
C100665,2,46.37,one_year,3,1,1,2,0
C100666,20,80.64,month-to-month,1,0,3,3,1
C100667,5,78.95,month-to-month,3,0,1,4,1
C100668,19,63.66,one_year,2,0,1,1,1
C100669,41,22.39,month-to-month,0,1,1,2,0
C100670,51,38.82,month-to-month,3,0,2,4,0
C100671,3,89.79,month-to-month,2,1,1,1,0
C100672,10,63.27,month-to-month,1,1,1,2,0
C100673,13,24.8,month-to-month,2,1,2,2,1
C100674,12,65.15,month-to-month,0,0,3,1,0
C100675,13,70.84,one_year,2,1,3,4,0
C100676,15,85.68,one_year,3,0,4,1,0
C100677,34,80.53,one_year,1,1,3,1,0
C100678,9,79.1,month-to-month,0,1,1,4,0
C100679,10,50.34,two_year,3,1,1,2,0
C100680,12,27.64,two_year,0,1,1,1,1
C100681,4,54.13,month-to-month,0,0,4,3,1
C100682,24,103.87,two_year,0,1,2,4,0
C100683,12,31.63,month-to-month,1,1,3,2,0
C100684,59,91.9,two_year,0,1,2,5,0
C100685,41,31.91,month-to-month,3,1,4,4,0
C100686,6,36.83,one_year,2,1,1,2,0
C100687,7,72.02,two_year,0,1,3,5,0
C100688,37,48.92,two_year,5,0,4,4,0
C100689,20,63.25,one_year,2,1,1,5,0
C100690,0,40.44,one_year,2,1,1,5,0
C100691,24,72.59,one_year,0,0,2,5,0
C100692,12,90.66,one_year,2,0,1,2,1
C100693,37,32.63,month-to-month,1,0,1,5,0
C100694,33,82.89,month-to-month,2,0,1,3,0
C100695,61,78.64,month-to-month,2,0,2,3,0
C100696,29,88.9,two_year,1,1,1,4,0
C100697,59,15.0,one_year,1,1,2,4,0
C100698,8,91.64,two_year,0,1,2,1,0
C100699,10,40.22,month-to-month,0,1,2,3,0
C100700,1,62.83,month-to-month,1,1,4,2,1
C100701,48,57.98,month-to-month,3,0,2,5,0
C100702,4,43.59,one_year,2,1,2,5,0
C100703,19,47.42,one_year,3,1,2,3,1
C100704,17,50.8,month-to-month,2,0,2,4,0
C100705,40,73.28,month-to-month,3,1,2,1,1
C100706,12,87.21,two_year,3,1,1,3,0
C100707,4,61.54,month-to-month,0,0,4,5,1
C100708,12,88.59,one_year,2,1,1,4,0
C100709,1,72.71,one_year,1,1,3,4,0
C100710,9,97.64,two_year,2,0,3,4,0
C100711,24,35.79,month-to-month,2,1,2,1,1
C100712,1,72.55,month-to-month,0,0,1,1,1
C100713,72,67.83,month-to-month,0,1,3,1,0
C100714,18,72.29,two_year,0,1,3,5,0
C100715,9,77.66,two_year,2,1,1,5,0
C100716,43,89.05,one_year,2,0,2,5,0
C100717,4,72.5,month-to-month,0,1,3,4,0
C100718,9,81.84,month-to-month,1,1,1,3,0
C100719,66,61.74,one_year,0,1,1,2,0
C100720,7,65.19,month-to-month,2,1,3,2,0
C100721,32,53.17,two_year,0,0,1,3,0
C100722,2,95.68,month-to-month,2,1,3,2,1
C100723,18,88.42,two_year,4,0,3,4,0
C100724,26,100.83,month-to-month,0,0,2,5,0
C100725,6,57.21,one_year,0,1,1,5,0
C100726,10,64.42,one_year,2,1,3,4,0
C100727,19,130.46,one_year,0,1,4,3,1
C100728,21,95.68,month-to-month,1,0,1,4,0
C100729,4,32.69,month-to-month,4,0,4,1,1
C100730,13,87.19,month-to-month,1,1,1,5,0
C100731,72,77.47,two_year,1,0,1,5,0
C100732,9,60.35,month-to-month,1,0,3,1,0
C100733,37,61.91,month-to-month,0,0,4,3,0
C100734,5,47.65,month-to-month,3,0,1,5,0
C100735,15,55.71,month-to-month,3,0,3,3,1
C100736,18,49.6,month-to-month,1,1,1,3,0
C100737,22,39.73,month-to-month,1,0,2,5,1
C100738,30,59.24,month-to-month,1,1,4,2,1
C100739,38,46.79,month-to-month,1,0,1,1,0
C100740,29,86.63,month-to-month,2,1,3,2,0
C100741,40,94.61,month-to-month,3,1,1,4,0
C100742,52,64.96,one_year,1,0,1,4,0
C100743,9,60.36,two_year,3,0,2,3,0
C100744,42,84.69,one_year,1,1,2,4,0
C100745,18,65.83,one_year,2,0,1,2,0
C100746,7,119.07,month-to-month,1,0,1,3,0
C100747,5,15.0,one_year,1,1,1,2,0
C100748,35,15.0,month-to-month,3,1,3,1,0
C100749,24,41.34,month-to-month,3,1,1,3,1
C100750,2,80.7,two_year,0,1,2,4,0
C100751,21,88.27,month-to-month,1,0,2,2,0
C100752,1,57.06,month-to-month,1,0,1,2,1
C100753,12,69.3,month-to-month,4,0,1,2,1
C100754,20,61.66,month-to-month,0,0,3,2,0
C100755,25,81.13,one_year,0,1,2,4,0
C100756,4,119.43,one_year,4,1,2,1,1
C100757,1,15.0,month-to-month,2,1,4,1,0
C100758,21,124.49,one_year,1,1,3,4,1
C100759,41,95.41,two_year,2,1,3,4,0
C100760,38,61.33,two_year,2,0,2,5,0
C100761,11,81.44,month-to-month,1,1,2,4,0
C100762,21,68.5,two_year,2,0,1,3,0
C100763,30,81.07,one_year,0,1,3,3,0
C100764,50,81.05,two_year,1,0,3,3,0
C100765,16,88.62,two_year,3,0,2,2,0
C100766,50,44.12,month-to-month,2,1,3,1,0
C100767,9,84.48,two_year,2,0,3,4,0
C100768,6,52.78,one_year,0,0,2,2,0
C100769,8,61.8,month-to-month,1,1,1,1,0
C100770,31,89.11,month-to-month,6,0,1,4,1
C100771,52,58.22,one_year,2,1,4,5,0
C100772,15,76.84,one_year,0,0,2,2,0
C100773,29,77.41,month-to-month,1,0,2,4,0
C100774,4,71.89,one_year,0,0,1,4,0
C100775,17,38.86,month-to-month,3,1,2,5,0
C100776,14,81.56,month-to-month,1,1,4,3,0
C100777,14,73.98,two_year,2,0,4,3,0
C100778,5,125.21,one_year,1,1,4,5,0
C100779,23,43.43,two_year,3,1,3,3,0
C100780,27,95.9,one_year,1,1,1,1,0
C100781,24,58.98,month-to-month,1,0,3,1,1
C100782,33,62.0,one_year,1,0,1,3,0
C100783,15,112.38,month-to-month,1,1,2,2,0
C100784,46,66.26,month-to-month,1,1,2,3,0
C100785,20,89.67,month-to-month,0,1,3,2,0
C100786,51,72.87,month-to-month,1,0,2,3,0
C100787,13,47.08,month-to-month,1,1,3,1,1
C100788,29,64.23,one_year,1,1,1,4,0
C100789,5,58.77,month-to-month,2,1,2,5,0
C100790,2,64.12,month-to-month,2,1,2,2,1
C100791,64,116.39,month-to-month,1,1,1,3,1
C100792,11,81.45,one_year,1,0,1,2,0
C100793,1,26.4,two_year,3,1,3,4,0
C100794,23,116.82,month-to-month,1,1,2,5,0
C100795,65,79.23,month-to-month,1,0,3,1,0
C100796,35,92.24,one_year,3,0,1,4,0
C100797,72,108.95,month-to-month,2,0,4,4,0
C100798,66,49.27,month-to-month,4,0,2,1,0
C100799,15,78.19,month-to-month,3,1,1,2,1
C100800,6,66.29,month-to-month,1,1,1,3,0
C100801,2,61.15,one_year,0,0,3,3,0
C100802,8,62.32,month-to-month,2,1,1,2,0
C100803,24,72.52,one_year,0,1,4,2,0
C100804,58,99.17,month-to-month,4,0,3,4,1
C100805,0,89.42,one_year,1,1,2,2,0
C100806,41,77.23,one_year,2,1,4,5,0
C100807,35,100.1,month-to-month,1,1,1,1,1
C100808,28,15.0,month-to-month,4,0,3,2,0
C100809,3,70.98,one_year,5,0,1,4,0
C100810,1,78.99,month-to-month,0,0,2,5,0
C100811,32,77.96,two_year,2,1,1,1,0
C100812,25,105.57,month-to-month,1,0,4,5,0
C100813,11,74.46,month-to-month,1,1,1,4,1
C100814,10,104.51,month-to-month,1,1,2,5,0
C100815,1,65.78,two_year,1,1,2,5,0
C100816,72,87.52,month-to-month,1,1,1,1,0
C100817,43,72.93,two_year,4,0,3,5,0
C100818,72,64.02,month-to-month,3,1,4,1,0
C100819,41,83.25,month-to-month,1,1,1,4,0
C100820,15,84.64,one_year,2,0,3,1,1
C100821,45,47.91,month-to-month,1,0,3,4,0
C100822,5,94.0,one_year,1,0,2,4,0
C100823,27,63.77,month-to-month,3,0,1,3,0
C100824,6,72.8,two_year,0,0,1,1,0
C100825,12,15.0,month-to-month,2,1,2,2,0
C100826,49,69.68,month-to-month,1,0,2,2,0
C100827,13,22.48,month-to-month,0,0,3,5,1
C100828,54,91.91,month-to-month,1,1,2,2,1
C100829,22,50.81,one_year,1,0,2,4,0
C100830,8,59.28,month-to-month,3,1,2,3,0
C100831,7,65.9,month-to-month,1,1,1,4,0
C100832,0,37.04,month-to-month,1,1,3,1,1
C100833,20,70.99,one_year,1,1,2,4,0
C100834,44,39.66,two_year,1,1,4,4,0
C100835,6,65.03,two_year,1,1,2,5,0
C100836,16,91.75,two_year,1,0,1,5,0
C100837,72,102.37,month-to-month,1,1,4,5,0
C100838,12,106.15,month-to-month,1,1,1,4,0
C100839,67,64.62,one_year,2,1,2,2,0
C100840,42,46.32,month-to-month,2,1,3,1,1
C100841,16,82.45,one_year,3,1,2,3,0
C100842,24,109.33,two_year,0,0,1,2,0
C100843,2,48.35,one_year,0,1,2,4,0
C100844,17,104.21,month-to-month,2,1,3,2,1
C100845,34,66.84,month-to-month,1,1,3,1,0
C100846,6,15.0,two_year,1,1,2,4,0
C100847,1,71.97,month-to-month,2,1,4,2,0
C100848,1,117.26,month-to-month,0,0,2,5,1
C100849,4,88.26,two_year,4,0,3,1,0
C100850,7,96.96,month-to-month,4,1,2,2,1
C100851,39,80.29,month-to-month,2,1,2,2,0
C100852,15,28.13,two_year,2,0,2,4,0
C100853,18,15.0,one_year,2,1,2,3,0
C100854,9,43.62,month-to-month,0,1,1,4,0
C100855,9,60.6,month-to-month,0,1,3,3,0
C100856,19,44.98,one_year,1,0,1,2,0
C100857,33,49.99,one_year,1,1,4,4,0
C100858,5,89.72,month-to-month,0,0,4,4,1
C100859,14,106.79,one_year,2,1,1,4,1
C100860,25,27.8,month-to-month,1,1,1,5,0
C100861,72,43.48,month-to-month,1,0,1,5,0
C100862,8,67.69,month-to-month,1,0,3,1,1
C100863,12,65.09,month-to-month,1,0,4,1,1
C100864,20,15.0,month-to-month,4,1,4,5,0
C100865,4,143.81,two_year,2,0,2,5,0
C100866,23,87.84,one_year,0,1,3,5,0
C100867,72,79.18,month-to-month,3,1,1,2,0
C100868,8,21.88,one_year,1,1,1,2,0
C100869,16,77.58,month-to-month,1,0,1,5,0
C100870,3,40.69,two_year,1,1,2,2,0
C100871,18,82.94,month-to-month,2,1,3,5,1
C100872,72,77.54,month-to-month,0,1,3,4,0
C100873,19,71.2,month-to-month,1,1,3,1,1
C100874,6,80.95,one_year,1,1,2,1,1
C100875,9,55.54,month-to-month,2,1,4,4,0
C100876,24,74.55,two_year,1,0,1,1,0
C100877,47,15.0,month-to-month,1,0,4,3,0
C100878,14,88.46,one_year,0,1,4,5,0
C100879,16,65.49,two_year,3,0,2,1,0
C100880,40,133.74,month-to-month,0,1,3,3,0
C100881,3,72.78,month-to-month,0,0,1,2,1
C100882,72,15.0,two_year,0,1,1,4,0
C100883,15,108.59,two_year,3,0,2,1,0
C100884,10,51.7,one_year,3,0,2,1,0
C100885,36,41.75,month-to-month,0,1,1,1,0
C100886,7,68.98,month-to-month,3,0,2,5,1
C100887,4,102.37,month-to-month,1,1,1,3,0
C100888,7,118.96,month-to-month,2,0,4,3,1
C100889,27,60.36,month-to-month,1,1,2,5,0
C100890,3,75.55,one_year,3,1,3,2,0
C100891,14,75.78,two_year,1,0,4,4,0
C100892,6,53.69,month-to-month,0,1,2,3,1
C100893,19,57.36,one_year,1,0,1,2,1
C100894,4,66.48,month-to-month,0,1,1,1,0
C100895,36,68.55,one_year,3,0,2,2,0
C100896,62,96.79,month-to-month,3,1,4,5,0
C100897,9,21.55,two_year,2,0,2,3,0
C100898,11,82.02,two_year,2,0,3,1,0
C100899,22,79.46,month-to-month,2,0,1,3,1
C100900,32,104.56,two_year,1,1,3,2,0
C100901,1,60.33,two_year,2,1,3,1,0
C100902,27,60.62,month-to-month,3,1,1,2,1
C100903,40,72.62,month-to-month,2,0,4,3,0
C100904,38,55.77,month-to-month,4,1,3,5,1
C100905,14,55.01,month-to-month,1,0,3,3,0
C100906,42,53.17,month-to-month,1,1,4,3,0
C100907,19,53.24,one_year,2,1,2,2,1
C100908,5,44.12,one_year,2,0,1,3,1
C100909,8,54.61,month-to-month,4,0,3,5,0
C100910,22,50.21,month-to-month,1,1,3,5,0
C100911,19,51.35,month-to-month,3,1,1,3,0
C100912,39,36.16,one_year,1,1,3,1,1
C100913,30,93.59,one_year,1,0,1,1,1
C100914,6,77.52,month-to-month,3,1,1,2,1
C100915,12,68.43,one_year,3,0,2,4,0
C100916,36,42.51,two_year,0,1,3,2,0
C100917,15,85.77,month-to-month,4,1,1,5,0
C100918,6,63.62,month-to-month,0,0,2,1,0
C100919,66,66.99,two_year,2,0,2,2,0
C100920,14,71.94,month-to-month,0,1,4,2,0
C100921,9,66.79,one_year,0,0,1,1,0
C100922,17,94.35,month-to-month,2,0,4,3,0
C100923,9,49.77,one_year,3,1,1,2,0
C100924,8,53.12,month-to-month,3,1,3,5,1
C100925,26,73.39,month-to-month,2,1,1,2,1
C100926,38,64.58,one_year,3,1,3,4,0
C100927,13,83.43,one_year,0,0,1,3,0
C100928,4,92.7,month-to-month,1,0,1,4,0
C100929,16,104.25,month-to-month,0,1,3,1,0
C100930,12,93.69,month-to-month,0,1,1,5,0
C100931,14,62.73,month-to-month,2,1,4,3,1
C100932,7,65.64,month-to-month,2,1,2,1,1
C100933,35,60.45,month-to-month,3,1,1,5,1
C100934,5,98.67,one_year,1,1,1,5,0
C100935,1,64.08,one_year,1,1,2,4,0
C100936,29,48.46,two_year,1,1,1,3,0
C100937,33,43.76,month-to-month,1,0,3,1,1
C100938,7,88.59,month-to-month,0,1,3,1,0
C100939,5,48.0,month-to-month,4,0,2,4,1
C100940,21,15.0,one_year,3,1,1,2,0
C100941,61,87.64,month-to-month,0,1,1,4,1
C100942,7,78.25,month-to-month,2,1,3,2,0
C100943,19,89.08,month-to-month,2,0,2,5,1
C100944,7,94.66,one_year,0,1,1,1,0
C100945,32,82.76,month-to-month,2,0,1,1,0
C100946,15,79.76,month-to-month,1,1,2,5,0
C100947,11,71.33,month-to-month,1,1,1,3,1
C100948,26,50.36,one_year,1,0,1,1,1
C100949,18,17.12,one_year,0,1,1,5,0
C100950,5,20.95,month-to-month,4,1,4,1,1
C100951,13,79.41,one_year,1,1,2,5,0
C100952,72,90.12,one_year,2,1,2,2,0
C100953,39,70.89,one_year,1,0,2,2,1
C100954,17,50.97,month-to-month,2,1,2,1,1
C100955,26,86.05,one_year,1,0,1,4,0
C100956,4,69.46,two_year,1,1,4,3,0
C100957,13,70.37,two_year,1,0,3,4,0
C100958,54,61.07,month-to-month,1,1,3,3,0
C100959,5,40.86,one_year,2,1,2,1,0
C100960,72,44.95,month-to-month,1,0,1,5,0
C100961,45,79.76,one_year,2,1,1,5,0
C100962,28,110.77,two_year,1,0,3,1,1
C100963,11,114.2,month-to-month,3,1,2,1,0
C100964,2,65.64,month-to-month,1,1,2,4,1
C100965,8,81.47,one_year,1,0,2,2,1
C100966,32,68.04,two_year,2,0,3,4,0
C100967,13,74.05,two_year,0,1,1,4,0
C100968,39,80.61,month-to-month,1,1,1,4,0
C100969,6,92.91,month-to-month,2,1,2,2,1
C100970,42,41.77,two_year,0,1,1,1,0
C100971,47,114.53,one_year,1,0,2,3,0
C100972,31,67.17,month-to-month,2,1,1,1,0
C100973,5,45.84,month-to-month,2,1,2,3,1
C100974,6,128.15,two_year,1,1,1,3,0
C100975,2,48.07,two_year,0,0,1,5,0
C100976,1,69.43,one_year,1,1,1,3,1
C100977,32,52.04,two_year,3,0,2,1,0
C100978,16,99.89,one_year,0,0,1,5,1
C100979,34,15.0,month-to-month,2,0,4,2,0
C100980,8,78.79,one_year,0,1,4,4,0
C100981,10,30.62,month-to-month,2,0,2,3,1
C100982,54,109.27,one_year,0,0,1,3,0
C100983,72,122.82,month-to-month,1,1,2,5,0
C100984,3,91.9,month-to-month,2,0,2,5,1
C100985,36,50.87,one_year,4,0,2,1,0
C100986,19,99.5,month-to-month,2,1,2,5,0
C100987,0,125.25,one_year,2,1,1,2,1
C100988,23,76.71,one_year,0,1,1,4,0
C100989,8,61.05,month-to-month,0,1,1,1,1
C100990,10,107.1,month-to-month,2,1,1,1,0
C100991,72,37.1,month-to-month,2,0,1,3,0
C100992,33,63.07,month-to-month,2,0,3,3,0
C100993,1,69.03,month-to-month,1,1,1,3,0
C100994,27,73.45,two_year,1,1,2,1,0
C100995,0,98.01,month-to-month,1,1,3,1,0
C100996,52,66.63,month-to-month,0,1,4,2,0
C100997,22,42.68,two_year,1,1,1,3,0
C100998,24,35.22,two_year,3,1,3,3,0
C100999,0,66.67,month-to-month,4,0,2,2,0
C101000,2,81.95,two_year,2,0,4,4,0
C101001,18,94.42,month-to-month,2,0,1,2,0
C101002,12,85.81,two_year,2,0,1,4,0
C101003,41,35.81,month-to-month,1,1,1,2,0
C101004,8,84.54,month-to-month,2,1,2,1,1
C101005,12,53.72,month-to-month,1,0,1,3,1
C101006,3,102.85,month-to-month,1,1,1,3,1
C101007,17,62.7,month-to-month,1,1,1,5,1
C101008,72,63.27,one_year,1,1,3,2,0
C101009,7,56.38,month-to-month,1,1,2,4,0
C101010,38,94.87,month-to-month,2,0,1,3,0
C101011,4,67.58,two_year,3,0,2,2,0
C101012,52,139.15,month-to-month,1,1,1,3,0
C101013,17,99.56,month-to-month,1,1,1,3,0
C101014,3,41.12,two_year,3,1,2,2,0
C101015,37,69.5,month-to-month,0,1,1,5,0
C101016,52,96.54,month-to-month,2,0,4,5,0
C101017,4,90.28,one_year,1,0,1,4,0
C101018,3,85.74,one_year,1,1,3,4,0
C101019,7,76.65,month-to-month,1,1,1,5,1
C101020,17,31.94,month-to-month,1,0,2,4,1
C101021,72,32.96,two_year,0,1,2,5,0
C101022,47,90.73,one_year,0,1,4,5,0
C101023,9,54.72,month-to-month,1,1,3,5,0
C101024,1,71.01,month-to-month,1,0,1,4,1
C101025,22,86.49,one_year,1,0,3,1,1
C101026,21,23.27,one_year,2,0,3,1,0
C101027,7,23.24,month-to-month,0,1,2,3,0
C101028,22,83.86,two_year,1,0,2,5,0
C101029,72,55.86,month-to-month,2,1,4,5,0
C101030,4,61.75,month-to-month,1,0,3,4,1
C101031,9,98.92,month-to-month,1,1,1,3,0
C101032,45,63.75,month-to-month,2,1,3,5,0
C101033,4,68.95,two_year,0,1,3,3,0
C101034,3,77.65,month-to-month,1,0,4,3,1
C101035,5,27.12,month-to-month,1,0,3,5,0
C101036,35,113.79,month-to-month,0,1,1,1,0
C101037,3,80.54,month-to-month,0,0,4,1,0
C101038,2,56.68,month-to-month,1,1,1,5,1
C101039,24,98.76,month-to-month,3,1,2,2,1
C101040,35,47.05,month-to-month,2,1,4,4,0
C101041,34,53.04,month-to-month,3,0,1,5,0
C101042,14,39.46,one_year,1,1,4,4,0
C101043,60,64.47,two_year,1,0,1,1,0
C101044,4,51.57,two_year,1,1,1,2,0
C101045,14,76.77,two_year,1,1,3,2,0
C101046,11,53.45,month-to-month,0,1,4,5,0
C101047,19,76.68,two_year,1,1,4,3,0
C101048,5,81.1,month-to-month,2,1,1,2,0
C101049,4,79.94,one_year,1,1,1,3,0
C101050,72,79.54,month-to-month,2,1,1,3,0
C101051,9,72.19,month-to-month,0,0,1,5,1
C101052,17,49.49,two_year,2,1,2,2,0
C101053,60,20.42,month-to-month,2,0,3,5,0
C101054,9,78.9,month-to-month,3,0,2,5,1
C101055,11,34.99,month-to-month,4,1,4,2,0
C101056,20,78.59,one_year,0,1,1,1,0
C101057,2,68.79,month-to-month,2,1,1,5,0
C101058,1,68.83,month-to-month,3,0,2,4,0
C101059,24,70.2,one_year,1,1,3,1,0
C101060,11,84.38,month-to-month,2,1,4,3,0
C101061,2,45.69,month-to-month,3,0,3,5,1
C101062,8,77.94,one_year,2,1,3,1,0
C101063,28,97.01,month-to-month,2,0,1,5,0
C101064,34,89.74,month-to-month,1,1,2,4,1
C101065,17,97.63,month-to-month,1,1,1,2,1
C101066,6,63.08,one_year,1,0,2,2,0
C101067,44,67.97,month-to-month,2,0,3,4,1
C101068,6,116.84,month-to-month,1,0,3,3,1
C101069,34,82.63,month-to-month,5,1,2,1,1
C101070,4,76.51,month-to-month,3,1,2,2,0
C101071,66,95.02,month-to-month,0,0,2,2,0
C101072,36,48.24,month-to-month,1,0,1,1,0
C101073,17,66.71,two_year,3,0,1,3,0
C101074,14,81.05,one_year,2,0,2,4,0
C101075,20,68.53,one_year,1,1,3,1,0
C101076,26,107.77,month-to-month,1,0,3,5,0
C101077,20,80.96,month-to-month,2,1,4,2,0
C101078,29,92.12,month-to-month,2,0,1,2,0
C101079,2,49.43,month-to-month,3,1,2,2,1
C101080,13,69.78,one_year,2,1,3,5,0
C101081,34,69.4,month-to-month,4,1,4,5,0
C101082,14,83.03,one_year,0,1,4,2,0
C101083,72,82.23,month-to-month,2,1,3,3,0
C101084,18,70.12,month-to-month,3,1,4,5,0
C101085,9,84.56,month-to-month,4,1,2,5,0
C101086,53,122.35,one_year,3,1,4,4,0
C101087,13,70.87,one_year,2,0,1,3,1
C101088,19,53.83,two_year,1,1,3,1,0
C101089,25,100.24,two_year,0,0,2,2,0
C101090,47,107.19,two_year,0,1,2,2,0
C101091,6,74.81,month-to-month,5,1,1,2,1
C101092,50,94.23,one_year,2,0,1,1,1
C101093,20,19.22,month-to-month,2,1,2,3,0
C101094,11,82.02,one_year,2,1,4,5,0
C101095,10,65.67,two_year,0,1,2,5,0
C101096,72,125.21,month-to-month,3,0,2,3,0
C101097,71,76.03,month-to-month,0,1,2,5,0
C101098,19,116.11,one_year,1,1,3,1,1
C101099,10,65.75,two_year,1,1,1,2,0
C101100,72,63.47,month-to-month,3,1,1,3,0
C101101,0,57.05,one_year,1,1,4,2,0
C101102,1,41.17,month-to-month,1,0,1,4,0
C101103,16,56.22,two_year,1,1,1,1,0
C101104,21,97.86,month-to-month,2,1,4,1,0
C101105,0,32.27,month-to-month,1,1,2,3,1
C101106,5,72.74,month-to-month,0,1,4,2,0
C101107,2,98.13,month-to-month,2,0,4,2,0
C101108,7,76.8,month-to-month,0,1,2,4,0
C101109,5,83.38,month-to-month,2,0,1,2,1
C101110,3,79.02,two_year,2,1,1,2,1
C101111,3,83.41,month-to-month,1,0,1,2,0
C101112,11,22.82,month-to-month,2,1,3,2,0
C101113,3,107.84,one_year,0,1,2,1,0
C101114,36,79.45,month-to-month,5,0,1,3,1
C101115,12,56.77,month-to-month,0,1,1,2,0
C101116,3,63.17,one_year,0,0,3,5,0
C101117,25,67.12,month-to-month,1,1,4,4,1
C101118,37,87.49,two_year,1,0,3,2,0
C101119,11,41.3,two_year,2,0,2,1,0
C101120,0,39.36,two_year,1,1,4,2,0
C101121,25,38.05,month-to-month,2,1,2,5,0
C101122,34,92.99,one_year,3,0,4,3,1
C101123,53,48.02,month-to-month,2,1,1,5,0
C101124,30,73.77,month-to-month,0,0,4,4,0
C101125,22,42.26,two_year,3,0,2,3,0
C101126,10,69.08,two_year,1,1,2,3,0
C101127,7,58.38,month-to-month,4,1,2,3,0
C101128,2,52.5,month-to-month,0,0,2,3,0
C101129,41,98.75,month-to-month,2,1,3,2,1
C101130,20,73.28,one_year,2,1,1,2,0
C101131,8,47.02,month-to-month,0,1,4,2,0
C101132,3,130.35,two_year,2,0,2,4,0
C101133,8,47.46,month-to-month,1,0,1,5,1
C101134,34,41.69,month-to-month,0,1,1,1,0
C101135,6,29.12,one_year,0,0,1,4,0
C101136,1,110.95,one_year,2,0,3,2,0
C101137,11,75.99,two_year,2,1,1,5,0
C101138,10,79.23,one_year,2,1,4,2,0
C101139,29,98.28,one_year,0,0,1,5,0
C101140,19,74.07,month-to-month,3,1,1,5,0
C101141,15,88.93,month-to-month,2,0,1,4,0
C101142,72,112.72,month-to-month,1,0,4,4,0
C101143,45,77.35,month-to-month,2,0,2,4,0
C101144,3,91.17,one_year,4,1,4,1,0
C101145,7,76.32,month-to-month,2,0,2,2,1
C101146,13,74.76,two_year,0,1,3,2,0
C101147,2,106.67,month-to-month,5,1,3,5,0
C101148,34,85.75,two_year,1,1,1,1,0
C101149,35,78.15,month-to-month,1,1,1,3,0
C101150,8,24.19,one_year,1,0,2,4,0
C101151,57,49.06,month-to-month,2,0,2,3,0
C101152,19,54.16,month-to-month,3,1,2,3,0
C101153,6,70.82,month-to-month,2,1,1,1,1
C101154,23,80.61,month-to-month,1,1,2,4,0
C101155,27,75.21,one_year,1,1,1,4,0
C101156,30,67.3,two_year,2,1,4,1,0
C101157,72,79.85,month-to-month,0,1,3,2,0
C101158,59,80.14,month-to-month,1,1,1,1,0
C101159,13,93.55,one_year,1,1,2,5,0
C101160,14,27.2,one_year,1,0,4,3,0
C101161,1,96.61,month-to-month,2,0,1,4,1
C101162,13,119.86,month-to-month,1,1,1,3,1
C101163,5,99.6,month-to-month,2,1,3,3,1
C101164,3,60.62,one_year,1,1,3,1,1
C101165,41,48.91,one_year,2,1,1,3,0
C101166,1,69.75,month-to-month,2,0,3,3,1
C101167,3,104.69,month-to-month,0,0,3,1,1
C101168,26,78.09,two_year,2,1,1,3,0
C101169,20,21.26,month-to-month,3,0,1,5,1
C101170,13,15.0,month-to-month,1,1,1,2,0
C101171,40,76.2,month-to-month,3,1,4,3,0
C101172,7,130.23,month-to-month,0,1,1,5,0
C101173,6,31.43,one_year,0,1,1,3,0
C101174,17,55.13,one_year,1,1,2,5,0
C101175,3,71.3,month-to-month,2,1,4,2,1
C101176,28,78.4,month-to-month,1,0,4,2,1
C101177,66,92.4,two_year,1,1,4,4,0
C101178,40,30.89,two_year,1,0,3,3,0
C101179,51,73.14,one_year,3,0,3,2,0
C101180,2,54.02,month-to-month,2,0,1,1,0
C101181,13,91.01,one_year,2,1,3,5,0
C101182,56,79.88,month-to-month,1,0,2,5,0
C101183,44,97.98,two_year,3,0,1,1,0
C101184,22,39.69,two_year,1,0,3,5,0
C101185,26,42.39,one_year,2,1,4,5,0
C101186,7,52.3,two_year,0,0,1,5,0
C101187,7,58.25,month-to-month,1,1,1,3,0
C101188,2,52.13,month-to-month,1,0,3,2,1
C101189,56,38.61,month-to-month,0,1,4,2,0
C101190,8,55.33,one_year,0,1,3,2,0
C101191,72,29.27,month-to-month,1,1,2,2,0
C101192,0,94.42,month-to-month,1,1,2,2,1
C101193,39,57.52,month-to-month,2,0,2,3,0
C101194,18,38.01,one_year,1,1,4,3,0
C101195,1,73.95,month-to-month,0,0,2,4,0
C101196,26,29.43,month-to-month,4,1,3,3,1
C101197,29,78.67,one_year,1,1,3,5,0
C101198,29,60.76,one_year,1,0,3,1,0
C101199,29,112.67,month-to-month,1,1,2,1,0
C101200,27,82.94,month-to-month,2,0,3,1,1
C101201,35,50.05,two_year,3,1,1,1,1
C101202,11,91.73,two_year,1,1,3,4,0
C101203,72,72.58,one_year,1,1,1,4,0
C101204,16,86.02,month-to-month,0,1,1,4,0
C101205,7,15.0,month-to-month,2,1,2,2,0
C101206,72,58.11,month-to-month,2,0,2,1,0
C101207,8,58.23,one_year,2,0,2,4,0
C101208,14,101.47,month-to-month,3,0,1,1,1
C101209,29,42.45,one_year,0,0,1,1,0
C101210,38,78.08,two_year,0,1,3,5,0
C101211,9,65.03,one_year,1,1,4,3,0
C101212,1,34.81,month-to-month,1,1,1,1,1
C101213,21,55.19,month-to-month,2,1,3,2,1
C101214,22,82.88,one_year,1,1,4,5,0
C101215,31,64.27,month-to-month,0,1,1,2,1
C101216,7,64.93,month-to-month,3,1,1,4,0
C101217,41,67.33,month-to-month,2,1,4,3,1
C101218,36,71.42,month-to-month,2,0,2,4,0
C101219,47,77.04,two_year,0,0,2,3,0
C101220,34,67.21,month-to-month,2,0,1,3,0
C101221,27,32.44,month-to-month,3,0,1,3,0
C101222,19,63.81,one_year,3,0,1,4,0
C101223,47,71.3,month-to-month,1,1,2,2,0
C101224,6,110.0,month-to-month,0,1,2,1,1
C101225,26,44.03,two_year,0,0,1,1,0
C101226,38,108.06,month-to-month,2,1,2,4,0
C101227,36,55.55,one_year,1,1,1,3,1
C101228,3,108.77,month-to-month,1,1,2,3,1
C101229,9,17.7,two_year,0,1,3,2,0
C101230,65,61.9,month-to-month,0,1,4,3,0
C101231,36,15.0,one_year,1,1,2,4,0
C101232,4,32.66,month-to-month,3,1,1,3,0
C101233,16,57.8,one_year,2,0,1,3,0
C101234,40,80.75,two_year,1,1,1,2,0
C101235,47,49.34,two_year,2,1,2,1,0
C101236,18,74.78,two_year,3,1,3,4,0
C101237,3,48.13,one_year,0,1,2,2,0
C101238,6,108.8,month-to-month,1,0,3,4,0
C101239,1,54.15,month-to-month,2,0,4,5,0
C101240,4,117.66,one_year,1,1,4,5,0
C101241,2,113.62,month-to-month,3,0,2,5,1
C101242,29,46.01,month-to-month,4,0,1,3,0
C101243,29,81.8,month-to-month,2,0,1,2,1
C101244,14,57.09,month-to-month,1,1,2,1,0
C101245,51,105.25,month-to-month,0,1,3,4,0
C101246,4,76.79,month-to-month,0,1,1,1,1
C101247,5,114.18,two_year,4,1,2,1,1
C101248,23,64.12,month-to-month,1,0,3,3,0
C101249,18,61.3,one_year,1,1,1,5,0
C101250,3,49.24,one_year,4,1,1,5,0
C101251,57,71.97,month-to-month,0,1,4,3,0
C101252,23,79.07,month-to-month,0,1,3,4,0
C101253,22,70.36,two_year,2,0,2,1,0
C101254,11,76.19,month-to-month,2,1,1,5,0
C101255,22,87.55,one_year,2,0,3,2,0
C101256,2,66.81,one_year,0,1,2,2,1
C101257,9,52.68,two_year,1,1,1,1,0
C101258,24,43.67,two_year,1,0,1,1,0
C101259,22,54.7,one_year,6,1,2,1,1
C101260,18,60.36,two_year,1,1,4,2,0
C101261,1,94.15,one_year,0,1,1,1,0
C101262,9,91.67,month-to-month,1,0,4,2,1
C101263,72,50.74,two_year,0,1,1,4,0
C101264,69,83.76,month-to-month,3,1,4,1,0
C101265,41,46.33,month-to-month,2,1,2,1,0
C101266,2,89.67,month-to-month,0,1,1,1,1
C101267,2,28.59,one_year,4,1,1,5,0
C101268,6,93.42,two_year,0,1,1,2,0
C101269,42,64.51,month-to-month,3,0,2,2,0
C101270,5,75.09,month-to-month,1,1,2,3,1
C101271,6,66.36,one_year,3,1,1,3,0
C101272,7,42.83,month-to-month,0,1,2,1,0
C101273,32,72.21,month-to-month,2,1,3,5,0
C101274,18,69.36,month-to-month,1,1,3,2,1
C101275,47,88.01,month-to-month,2,0,2,5,0
C101276,2,84.72,one_year,0,1,3,2,0
C101277,1,99.91,month-to-month,2,1,4,3,0
C101278,45,83.06,two_year,1,1,2,5,0
C101279,3,40.76,month-to-month,1,1,4,4,0
C101280,30,88.67,month-to-month,2,1,3,2,1
C101281,22,39.27,one_year,1,1,1,1,0
C101282,6,51.4,two_year,1,0,1,5,0
C101283,7,70.96,month-to-month,1,0,1,1,0
C101284,32,48.5,month-to-month,0,1,1,4,0
C101285,1,59.5,month-to-month,5,0,2,2,1
C101286,72,94.51,two_year,0,1,3,2,0
C101287,1,54.11,month-to-month,1,1,4,3,1
C101288,4,46.94,two_year,0,1,2,5,0
C101289,25,37.16,month-to-month,0,1,4,2,0
C101290,3,139.98,month-to-month,2,1,3,4,0
C101291,72,58.2,month-to-month,2,0,3,2,0
C101292,14,70.29,month-to-month,0,0,3,3,0
C101293,2,70.62,two_year,0,1,1,3,0
C101294,4,97.27,month-to-month,4,1,4,5,0
C101295,19,55.25,month-to-month,4,1,4,3,0
C101296,49,47.03,month-to-month,1,1,1,2,0
C101297,7,59.96,two_year,2,1,3,5,0
C101298,12,50.02,month-to-month,1,1,1,2,0
C101299,20,33.76,month-to-month,2,1,2,4,0
C101300,25,22.63,one_year,3,0,1,3,0
C101301,31,70.55,month-to-month,3,0,4,5,0
C101302,9,58.95,month-to-month,3,1,1,1,0
C101303,11,104.26,month-to-month,2,1,2,5,0
C101304,50,56.58,two_year,1,1,1,4,0
C101305,57,60.58,month-to-month,3,0,2,3,0
C101306,13,99.78,one_year,1,1,1,5,0
C101307,72,27.46,month-to-month,2,1,3,5,0
C101308,5,89.08,month-to-month,1,1,2,5,0
C101309,42,48.89,month-to-month,2,0,2,2,1
C101310,58,41.14,two_year,1,0,2,4,0
C101311,20,78.84,two_year,1,0,3,2,0
C101312,28,72.55,one_year,0,1,3,4,0
C101313,1,41.19,one_year,2,0,3,2,0
C101314,44,75.67,month-to-month,1,1,1,5,0
C101315,28,108.18,two_year,2,1,1,2,0
C101316,21,89.96,two_year,1,0,2,3,0
C101317,21,72.5,month-to-month,1,1,2,5,0
C101318,4,55.7,month-to-month,0,1,2,3,0
C101319,45,67.38,month-to-month,0,1,2,5,0
C101320,18,81.44,month-to-month,0,1,4,4,0
C101321,22,63.99,one_year,1,1,3,1,0
C101322,4,80.95,two_year,2,1,1,4,0
C101323,24,93.85,month-to-month,2,1,1,1,0
C101324,7,32.64,month-to-month,2,1,2,3,0
C101325,34,73.79,two_year,1,0,2,2,0
C101326,1,82.11,two_year,1,1,2,1,0
C101327,3,62.91,month-to-month,1,0,4,2,1
C101328,6,53.51,two_year,1,0,4,4,0
C101329,12,107.16,month-to-month,2,1,1,3,1
C101330,49,67.43,two_year,4,1,2,3,0
C101331,0,67.41,month-to-month,1,1,1,2,0
C101332,19,56.12,one_year,2,1,2,5,0
C101333,1,62.09,month-to-month,2,1,3,3,0
C101334,11,62.06,month-to-month,1,1,2,5,0
C101335,8,67.05,one_year,5,1,3,3,0
C101336,4,32.27,one_year,1,1,2,3,0
C101337,16,29.43,two_year,1,1,3,4,0
C101338,10,53.99,two_year,1,0,2,4,0
C101339,7,61.05,one_year,1,0,3,4,0
C101340,23,55.14,month-to-month,3,1,2,2,0
C101341,7,87.17,one_year,1,1,2,5,0
C101342,72,68.61,one_year,1,0,1,4,0
C101343,7,87.33,one_year,4,1,4,3,0
C101344,72,75.1,month-to-month,2,1,4,1,0
C101345,4,15.0,month-to-month,2,1,2,2,1
C101346,72,81.24,month-to-month,2,1,2,5,0
C101347,2,105.42,month-to-month,2,0,1,5,0
C101348,0,73.11,month-to-month,1,1,1,5,1
C101349,2,67.89,two_year,1,1,4,2,0
C101350,29,40.8,month-to-month,1,0,1,3,1
C101351,6,75.43,month-to-month,0,0,1,4,1
C101352,8,43.64,one_year,2,0,4,5,0
C101353,27,25.91,month-to-month,0,1,1,1,1
C101354,1,75.03,month-to-month,3,0,2,4,1
C101355,19,90.12,one_year,0,1,4,2,0
C101356,12,62.32,month-to-month,2,0,3,4,0
C101357,4,65.1,month-to-month,2,1,2,3,0
C101358,58,52.67,one_year,1,1,3,4,0
C101359,11,109.09,one_year,5,1,2,1,1
C101360,8,78.87,two_year,3,0,1,2,1
C101361,28,60.88,one_year,0,0,2,1,0
C101362,46,61.96,one_year,0,0,1,5,0
C101363,6,72.71,one_year,3,0,1,4,1
C101364,3,96.64,two_year,0,1,3,5,0
C101365,72,55.85,month-to-month,1,1,2,4,1
C101366,13,47.32,two_year,1,0,1,2,0
C101367,18,77.04,one_year,1,1,2,2,0
C101368,15,66.19,month-to-month,3,1,3,5,1
C101369,42,32.8,month-to-month,2,1,2,5,0
C101370,13,66.09,one_year,2,1,2,5,0
C101371,34,61.46,one_year,1,1,1,5,0
C101372,18,59.11,month-to-month,1,1,1,4,0
C101373,2,72.86,one_year,1,0,1,3,1
C101374,17,75.08,two_year,4,0,1,4,0
C101375,46,110.85,month-to-month,3,1,2,3,0
C101376,18,84.72,one_year,2,1,3,5,0
C101377,12,90.05,month-to-month,0,1,3,1,1
C101378,1,58.01,month-to-month,3,0,4,3,0
C101379,29,69.28,one_year,1,1,3,2,0
C101380,12,52.56,two_year,1,0,3,2,0
C101381,9,51.95,two_year,0,0,1,5,0
C101382,11,89.84,month-to-month,2,0,2,1,1
C101383,13,123.09,month-to-month,1,0,1,4,0
C101384,10,86.49,one_year,1,0,1,1,0
C101385,8,79.27,month-to-month,1,1,2,3,0
C101386,15,82.44,one_year,7,1,3,4,0
C101387,1,89.02,month-to-month,3,1,1,5,0
C101388,6,67.28,month-to-month,1,1,3,3,0
C101389,14,67.73,month-to-month,1,1,1,2,0
C101390,52,84.73,month-to-month,4,1,4,4,0
C101391,13,109.04,month-to-month,1,1,1,2,0
C101392,19,71.21,month-to-month,0,1,2,1,1
C101393,54,28.11,month-to-month,2,1,2,4,0
C101394,39,88.62,one_year,1,0,2,1,0
C101395,30,74.26,month-to-month,1,0,3,5,0
C101396,23,49.66,month-to-month,2,1,1,2,0
C101397,22,48.58,month-to-month,1,1,2,3,1
C101398,5,15.0,two_year,0,0,1,3,0
C101399,3,50.06,two_year,0,1,2,1,0
C101400,1,63.79,month-to-month,1,0,1,2,1
C101401,2,81.84,two_year,1,1,1,5,0
C101402,23,67.88,two_year,1,0,1,3,0
C101403,23,44.72,one_year,0,0,3,4,0
C101404,1,59.01,month-to-month,1,1,1,4,0
C101405,44,70.32,two_year,1,0,1,1,0
C101406,14,83.8,month-to-month,1,1,4,4,0
C101407,19,76.38,two_year,1,1,1,3,0
C101408,2,90.35,two_year,1,1,1,2,0
C101409,47,21.69,month-to-month,0,1,1,4,1
C101410,2,74.32,month-to-month,0,1,3,2,1
C101411,6,76.48,month-to-month,4,1,3,3,1
C101412,15,45.94,one_year,2,0,1,2,0
C101413,17,74.37,month-to-month,0,0,2,4,0
C101414,18,56.52,two_year,1,1,1,5,0
C101415,66,39.26,month-to-month,3,0,2,4,0
C101416,1,37.31,month-to-month,2,1,4,3,0
C101417,27,82.77,month-to-month,0,1,1,1,0
C101418,13,83.77,month-to-month,1,1,1,4,0
C101419,40,96.45,month-to-month,3,1,2,2,1
C101420,26,88.06,two_year,0,1,1,4,0
C101421,40,81.55,month-to-month,1,1,3,3,0
C101422,48,43.06,one_year,2,1,4,1,1
C101423,36,64.62,two_year,2,0,2,3,0
C101424,3,62.82,one_year,0,1,1,2,0
C101425,18,119.45,month-to-month,2,0,1,4,1
C101426,36,48.12,month-to-month,4,1,4,1,0
C101427,36,37.7,month-to-month,3,1,1,4,0
C101428,63,44.79,one_year,1,1,3,1,0
C101429,13,94.64,two_year,2,1,3,4,0
C101430,0,53.96,month-to-month,3,1,1,2,1
C101431,31,87.89,one_year,1,1,4,4,0
C101432,8,57.08,month-to-month,3,1,2,2,0
C101433,26,95.34,one_year,2,0,2,4,0
C101434,1,31.59,month-to-month,4,1,1,2,0
C101435,11,58.66,month-to-month,2,1,1,4,0
C101436,24,84.55,one_year,1,1,3,1,0
C101437,3,64.0,two_year,3,0,3,2,0
C101438,9,47.5,month-to-month,5,0,1,2,1
C101439,4,105.33,one_year,2,0,1,4,0
C101440,53,34.95,one_year,1,1,2,3,0
C101441,36,48.69,month-to-month,2,1,1,5,1
C101442,24,97.91,month-to-month,2,0,1,2,1
C101443,18,112.07,month-to-month,2,0,1,3,0
C101444,72,69.61,month-to-month,5,1,3,4,0
C101445,7,38.66,two_year,3,1,3,5,1
C101446,29,38.03,two_year,2,1,3,4,0
C101447,2,48.42,month-to-month,3,1,2,1,1
C101448,23,67.49,month-to-month,1,0,4,2,0
C101449,5,102.84,month-to-month,3,1,1,1,0
C101450,0,92.26,month-to-month,1,0,2,1,0
C101451,58,93.65,month-to-month,0,1,3,1,1
C101452,8,57.51,one_year,3,1,3,5,0
C101453,72,88.23,month-to-month,1,0,3,2,0
C101454,27,89.59,two_year,2,0,1,5,0
C101455,27,90.82,one_year,1,1,2,1,0
C101456,27,69.48,month-to-month,2,0,4,5,0
C101457,72,59.77,two_year,0,0,1,3,0
C101458,6,97.44,month-to-month,1,1,1,4,0
C101459,72,108.78,month-to-month,3,0,1,5,0
C101460,9,64.44,one_year,0,1,1,5,0
C101461,2,78.76,month-to-month,1,1,1,5,0
C101462,61,97.07,one_year,1,1,1,3,0
C101463,2,107.83,month-to-month,0,1,3,5,0
C101464,15,113.6,month-to-month,1,1,1,2,1
C101465,43,70.93,month-to-month,2,0,1,2,0
C101466,8,101.66,two_year,1,1,1,1,0
C101467,31,40.5,month-to-month,0,0,1,2,0
C101468,25,15.79,month-to-month,0,1,2,1,1
C101469,28,59.55,two_year,1,0,1,2,0
C101470,4,78.83,month-to-month,3,0,2,2,1
C101471,29,32.94,two_year,0,1,3,4,0
C101472,44,66.48,one_year,2,1,2,4,0
C101473,4,74.46,month-to-month,2,1,3,4,1
C101474,72,69.56,one_year,3,1,4,2,0
C101475,72,76.8,month-to-month,1,1,1,1,1
C101476,9,97.81,month-to-month,2,1,3,2,1
C101477,72,63.63,one_year,3,0,4,1,0
C101478,67,58.65,one_year,1,0,2,2,0
C101479,3,83.59,month-to-month,1,1,1,1,0
C101480,33,96.44,one_year,0,1,2,3,0
C101481,72,59.31,one_year,1,0,2,3,0
C101482,42,103.79,two_year,0,0,1,4,0
C101483,3,88.4,month-to-month,3,0,1,1,0
C101484,13,60.7,one_year,0,0,3,3,0
C101485,20,69.26,one_year,3,0,1,1,0
C101486,11,50.62,one_year,2,1,2,1,0
C101487,12,86.97,one_year,0,0,3,4,0
C101488,2,72.6,month-to-month,1,0,1,1,1
C101489,0,119.07,month-to-month,2,0,2,5,1
C101490,9,15.0,one_year,2,0,4,1,0
C101491,13,40.0,two_year,2,0,1,4,0
C101492,21,57.43,two_year,2,0,4,1,1
C101493,72,82.98,one_year,2,1,4,4,0
C101494,2,61.09,two_year,2,0,1,2,1
C101495,10,52.38,one_year,0,0,2,5,0
C101496,49,80.48,month-to-month,0,1,2,3,0
C101497,42,59.58,month-to-month,2,1,1,3,0
C101498,3,75.99,one_year,1,1,1,4,0
C101499,27,92.14,month-to-month,1,1,1,5,1
C101500,2,94.15,month-to-month,1,0,4,4,1
C101501,70,31.66,one_year,0,1,1,4,0
C101502,7,51.84,month-to-month,0,0,3,4,0
C101503,22,80.95,one_year,3,1,2,5,0
C101504,15,65.7,one_year,2,1,3,3,0
C101505,17,51.11,month-to-month,0,0,2,1,1
C101506,6,84.99,month-to-month,4,1,3,1,0
C101507,11,72.26,one_year,2,1,3,1,1
C101508,8,81.31,two_year,0,0,2,5,0
C101509,23,92.22,month-to-month,0,1,3,2,1
C101510,13,60.91,one_year,1,1,1,5,0
C101511,21,95.38,month-to-month,1,1,1,3,0
C101512,18,74.65,two_year,0,1,2,1,0
C101513,26,76.76,month-to-month,4,1,2,3,0
C101514,72,95.47,one_year,0,1,1,3,0
C101515,18,30.7,month-to-month,1,1,2,5,0
C101516,19,29.63,one_year,0,0,3,3,0
C101517,23,42.08,month-to-month,4,0,3,4,1
C101518,19,91.33,one_year,3,1,1,4,0
C101519,13,73.21,one_year,1,1,4,5,0
C101520,7,56.62,month-to-month,1,0,1,2,0
C101521,18,44.71,month-to-month,0,0,4,2,1
C101522,7,28.51,month-to-month,0,1,4,5,0
C101523,26,77.42,two_year,1,0,1,1,0
C101524,52,69.6,one_year,1,1,2,3,0
C101525,39,79.56,month-to-month,1,1,1,1,0
C101526,37,92.52,two_year,1,1,2,4,0
C101527,6,77.14,month-to-month,0,1,3,2,0
C101528,1,103.32,month-to-month,1,0,1,5,0
C101529,5,60.19,month-to-month,0,1,2,3,0
C101530,20,106.98,month-to-month,4,0,3,1,0
C101531,3,80.62,month-to-month,0,1,4,3,0
C101532,3,57.01,two_year,2,1,1,1,0
C101533,72,74.55,month-to-month,0,0,1,5,0
C101534,10,123.2,month-to-month,3,0,2,4,1
C101535,2,39.46,one_year,1,0,1,2,1
C101536,17,55.36,month-to-month,1,1,2,1,1
C101537,29,59.77,month-to-month,0,0,2,5,0
C101538,15,74.25,month-to-month,2,1,2,3,0
C101539,3,71.62,one_year,4,1,2,1,1
C101540,17,115.72,month-to-month,1,0,4,5,0
C101541,2,65.08,two_year,2,0,1,2,0
C101542,31,86.25,two_year,1,1,2,3,0
C101543,67,57.67,month-to-month,2,1,2,5,0
C101544,1,42.87,two_year,3,1,3,2,0
C101545,20,66.29,month-to-month,4,0,1,2,1
C101546,43,63.96,month-to-month,1,0,2,1,0
C101547,25,86.47,month-to-month,2,1,3,2,1
C101548,4,102.18,two_year,1,0,1,1,0
C101549,2,58.93,month-to-month,3,0,2,1,1
C101550,15,96.52,month-to-month,1,0,2,5,1
C101551,1,45.14,month-to-month,2,1,1,5,0
C101552,44,112.59,one_year,0,1,1,4,0
C101553,17,34.06,two_year,1,1,4,4,0
C101554,9,57.44,one_year,1,1,4,5,0
C101555,35,75.91,two_year,0,1,1,4,0
C101556,6,60.67,two_year,1,1,1,3,0
C101557,17,42.28,month-to-month,1,1,4,4,0
C101558,17,86.87,two_year,3,0,1,1,1
C101559,3,45.36,one_year,3,0,2,2,1
C101560,39,93.16,month-to-month,0,1,4,4,0
C101561,29,34.2,month-to-month,1,0,3,5,0
C101562,5,94.89,two_year,0,1,2,3,0
C101563,14,89.81,two_year,2,0,2,3,0
C101564,9,82.37,one_year,2,0,4,4,0
C101565,66,95.1,two_year,2,0,1,5,0
C101566,26,64.67,two_year,1,0,3,4,0
C101567,69,68.28,month-to-month,2,0,2,1,0
C101568,35,97.68,month-to-month,4,1,1,3,0
C101569,38,44.28,month-to-month,1,0,3,1,1
C101570,9,63.0,two_year,3,0,1,5,0
C101571,45,64.22,month-to-month,1,1,1,4,0
C101572,10,63.93,two_year,3,1,3,2,0
C101573,42,62.7,month-to-month,1,0,3,4,1
C101574,30,15.0,month-to-month,2,0,1,3,0
C101575,17,68.92,two_year,1,1,4,3,0
C101576,4,76.0,one_year,2,0,1,3,1
C101577,22,99.4,month-to-month,4,0,3,4,1
C101578,24,88.42,month-to-month,1,1,3,2,0
C101579,28,54.75,month-to-month,0,0,1,3,0
C101580,2,62.51,two_year,0,1,2,1,0
C101581,7,46.37,month-to-month,4,1,1,4,0
C101582,20,60.31,month-to-month,3,1,2,2,1
C101583,46,54.27,month-to-month,4,1,4,2,0
C101584,6,95.6,two_year,1,0,2,2,0
C101585,55,78.32,one_year,0,1,3,5,0
C101586,72,83.58,one_year,0,1,2,3,0
C101587,2,59.99,two_year,2,0,4,3,0
C101588,31,65.25,two_year,2,0,3,2,0
C101589,12,81.53,month-to-month,0,1,2,2,1
C101590,4,49.71,month-to-month,3,0,1,4,1
C101591,6,81.72,one_year,1,1,1,1,0
C101592,11,90.31,month-to-month,1,1,3,4,1
C101593,0,55.03,one_year,0,1,3,2,0
C101594,28,69.04,month-to-month,0,1,1,4,0
C101595,15,48.38,one_year,1,0,1,1,0
C101596,10,109.5,one_year,2,0,1,5,0
C101597,49,80.15,one_year,2,1,3,4,0
C101598,72,95.87,one_year,2,1,2,4,0
C101599,15,64.07,month-to-month,2,1,2,2,0
C101600,9,48.12,one_year,1,1,2,3,1
C101601,22,67.19,one_year,3,0,1,1,0
C101602,12,103.18,two_year,1,1,1,4,0
C101603,53,109.15,one_year,0,0,2,3,0
C101604,8,88.63,month-to-month,2,1,1,4,0
C101605,3,69.34,month-to-month,1,1,1,4,0
C101606,0,79.6,one_year,5,0,1,1,1
C101607,4,96.2,month-to-month,2,1,3,4,1
C101608,2,44.91,month-to-month,0,1,4,2,0
C101609,58,91.49,month-to-month,2,0,3,5,0
C101610,27,50.08,one_year,1,1,3,5,0
C101611,21,76.46,two_year,3,0,2,1,1
C101612,70,87.87,two_year,1,0,4,5,0
C101613,23,77.01,month-to-month,1,1,1,4,0
C101614,29,72.58,two_year,1,1,1,3,0
C101615,4,101.6,month-to-month,1,1,1,1,1
C101616,8,60.54,month-to-month,0,0,1,4,0
C101617,23,61.82,one_year,3,0,2,4,0
C101618,43,47.8,month-to-month,2,1,1,4,0
C101619,8,74.86,two_year,0,1,2,2,0
C101620,15,88.65,month-to-month,2,0,1,1,1
C101621,8,67.7,two_year,4,1,1,2,0
C101622,8,24.02,month-to-month,2,0,2,3,1
C101623,21,81.04,two_year,3,1,3,5,0
C101624,60,85.65,one_year,2,1,3,1,1
C101625,72,49.61,one_year,2,1,2,5,0
C101626,20,64.75,month-to-month,3,1,1,2,1
C101627,1,71.08,month-to-month,0,1,4,3,0
C101628,8,51.65,month-to-month,1,0,2,2,1
C101629,26,76.81,month-to-month,1,0,3,3,0
C101630,62,72.39,month-to-month,1,0,4,5,0
C101631,4,42.27,two_year,1,0,2,4,0
C101632,42,15.0,month-to-month,0,1,1,3,0
C101633,51,47.82,month-to-month,1,1,2,2,0
C101634,2,104.44,month-to-month,3,0,1,2,1
C101635,56,99.3,month-to-month,1,0,2,5,0
C101636,22,62.47,month-to-month,2,0,1,1,1
C101637,45,44.2,month-to-month,1,1,2,3,0
C101638,27,105.23,one_year,3,0,4,1,0
C101639,27,87.12,two_year,0,1,2,5,0
C101640,50,100.36,two_year,1,1,1,2,1
C101641,35,115.09,one_year,1,0,3,1,1
C101642,13,80.87,two_year,1,0,1,1,1
C101643,12,72.24,one_year,2,1,1,3,0
C101644,72,51.68,one_year,1,1,2,1,0
C101645,7,73.61,month-to-month,1,1,3,4,0
C101646,11,46.08,month-to-month,2,1,3,4,0
C101647,4,96.07,one_year,1,1,4,5,0
C101648,10,64.76,month-to-month,2,1,3,1,1
C101649,21,108.44,month-to-month,3,1,1,5,0
C101650,5,61.81,month-to-month,1,1,3,4,0
C101651,13,80.81,two_year,3,0,2,2,1
C101652,23,51.11,one_year,0,1,2,3,0
C101653,12,91.45,month-to-month,4,1,2,5,0
C101654,34,50.09,month-to-month,1,1,3,1,0
C101655,17,101.73,month-to-month,4,1,1,2,0
C101656,9,83.46,month-to-month,2,1,1,3,1
C101657,31,25.4,month-to-month,4,1,2,4,0
C101658,19,36.5,month-to-month,2,0,4,4,1
C101659,14,75.94,one_year,2,1,2,5,0
C101660,4,68.72,month-to-month,2,1,1,3,0
C101661,72,118.69,month-to-month,0,1,1,5,0
C101662,5,48.61,one_year,3,1,1,1,1
C101663,12,65.04,one_year,4,0,1,2,1
C101664,21,70.08,month-to-month,1,1,1,4,0
C101665,65,75.77,one_year,1,0,2,5,0
C101666,9,112.12,month-to-month,3,1,1,2,0
C101667,3,68.0,one_year,0,1,2,3,0
C101668,29,31.35,two_year,0,0,1,5,0
C101669,72,108.52,two_year,3,1,2,1,0
C101670,14,80.52,two_year,0,1,1,2,0
C101671,72,33.9,one_year,1,0,2,2,0
C101672,9,53.9,two_year,1,1,2,1,1
C101673,51,62.64,month-to-month,5,0,2,1,0
C101674,0,73.32,two_year,0,1,2,3,0
C101675,27,89.8,one_year,3,1,4,3,0
C101676,52,64.36,month-to-month,2,0,1,5,0
C101677,8,57.46,two_year,0,0,2,3,0
C101678,45,46.52,one_year,5,1,2,4,0
C101679,22,66.14,one_year,2,0,1,3,0
C101680,9,72.0,month-to-month,0,1,3,3,1
C101681,1,81.58,month-to-month,1,0,1,1,1
C101682,26,17.47,month-to-month,0,0,2,5,0
C101683,11,48.53,month-to-month,3,0,1,2,0
C101684,19,81.8,month-to-month,1,1,2,4,0
C101685,5,111.41,month-to-month,1,1,2,4,0
C101686,0,92.32,one_year,3,1,2,5,0
C101687,2,15.0,month-to-month,1,1,1,1,0
C101688,25,22.86,one_year,2,0,4,4,0
C101689,3,83.93,two_year,3,0,4,2,0
C101690,8,71.18,two_year,0,1,4,3,0
C101691,22,71.66,one_year,0,1,4,4,0
C101692,8,118.38,one_year,1,1,2,5,0
C101693,15,44.23,month-to-month,2,0,1,2,0
C101694,13,99.62,month-to-month,2,1,4,3,1
C101695,36,72.82,month-to-month,1,0,2,2,0
C101696,12,55.69,one_year,2,1,2,2,0
C101697,8,19.1,month-to-month,1,0,4,3,1
C101698,72,41.4,month-to-month,1,1,3,5,0
C101699,5,107.31,month-to-month,0,0,1,1,1
C101700,25,72.33,one_year,1,0,1,5,0
C101701,23,89.8,month-to-month,1,0,4,3,0
C101702,10,84.35,month-to-month,4,1,2,2,1
C101703,33,66.28,one_year,1,0,1,5,0
C101704,34,90.66,month-to-month,1,1,1,1,0
C101705,16,77.88,month-to-month,4,0,2,5,0
C101706,9,65.6,month-to-month,1,1,3,2,0
C101707,3,62.28,month-to-month,1,0,4,4,0
C101708,49,52.31,two_year,2,1,3,5,0
C101709,72,77.12,month-to-month,2,1,2,4,0
C101710,8,65.54,month-to-month,3,1,1,1,0
C101711,9,97.27,one_year,0,1,1,3,0
C101712,25,62.52,month-to-month,0,0,1,5,0
C101713,36,47.87,month-to-month,2,1,2,5,0
C101714,45,24.51,month-to-month,2,1,1,1,0
C101715,35,88.69,one_year,2,1,4,5,0
C101716,27,131.18,two_year,1,1,2,4,0
C101717,23,69.27,month-to-month,1,0,2,5,0
C101718,0,15.87,month-to-month,2,1,2,2,1
C101719,16,92.91,month-to-month,2,0,3,4,1
C101720,30,53.76,one_year,1,0,1,5,0
C101721,9,87.13,one_year,6,1,4,3,1
C101722,7,79.04,one_year,1,1,4,3,0
C101723,13,87.59,two_year,1,0,3,3,0
C101724,19,73.09,two_year,1,1,4,2,0
C101725,0,63.45,two_year,3,1,2,5,0
C101726,33,96.31,month-to-month,2,1,1,5,0
C101727,30,63.01,month-to-month,0,0,2,4,0
C101728,6,98.82,month-to-month,1,0,1,4,1
C101729,7,55.45,month-to-month,2,0,3,4,0
C101730,5,73.75,two_year,4,0,2,1,0
C101731,13,51.86,one_year,1,1,1,4,0
C101732,72,92.85,month-to-month,1,1,2,2,0
C101733,12,53.57,two_year,3,1,3,1,0
C101734,62,50.06,month-to-month,1,1,3,1,0
C101735,5,93.25,one_year,1,0,3,1,0
C101736,7,78.33,month-to-month,1,0,1,3,1
C101737,17,67.95,two_year,4,1,3,4,0
C101738,4,45.78,one_year,1,0,2,2,0
C101739,3,68.82,month-to-month,1,1,1,5,0
C101740,27,79.74,one_year,2,0,2,3,0
C101741,10,86.24,month-to-month,3,1,2,1,1
C101742,29,52.65,one_year,3,1,2,3,0
C101743,6,82.19,month-to-month,3,1,3,1,1
C101744,9,23.59,month-to-month,2,1,4,2,0
C101745,54,71.43,month-to-month,1,1,3,5,0
C101746,21,47.64,two_year,1,1,1,1,0
C101747,3,87.35,one_year,0,0,1,1,1
C101748,13,59.4,month-to-month,1,1,4,5,0
C101749,3,125.98,month-to-month,3,0,1,2,1
C101750,2,73.64,two_year,1,0,2,4,0
C101751,20,77.72,one_year,2,0,3,1,0
C101752,3,15.0,two_year,0,1,3,1,0
C101753,6,36.0,month-to-month,1,1,1,3,1
C101754,2,94.59,two_year,1,1,3,3,0
C101755,3,53.13,two_year,2,0,4,4,0
C101756,14,96.88,month-to-month,4,1,1,1,1
C101757,4,52.28,two_year,0,1,1,5,0
C101758,9,84.53,month-to-month,0,0,3,2,1
C101759,14,50.03,month-to-month,4,1,3,2,1
C101760,5,80.21,one_year,2,1,3,2,1
C101761,3,86.01,one_year,1,1,1,5,0
C101762,4,91.59,month-to-month,1,1,1,5,1
C101763,68,51.55,two_year,3,0,3,2,0
C101764,10,37.87,two_year,1,0,4,4,0
C101765,15,83.17,two_year,2,0,4,5,0
C101766,34,75.08,one_year,1,1,2,1,1
C101767,37,86.01,month-to-month,0,1,2,3,0
C101768,29,40.05,month-to-month,2,1,2,2,0
C101769,53,87.83,month-to-month,2,1,2,1,0
C101770,18,65.45,month-to-month,2,0,1,2,0
C101771,4,43.39,month-to-month,1,1,2,5,0
C101772,23,58.52,one_year,1,1,1,2,0
C101773,14,92.12,one_year,3,0,3,2,0
C101774,42,73.75,two_year,0,0,2,5,1
C101775,7,73.3,two_year,1,1,4,5,0
C101776,27,71.78,two_year,1,0,3,5,0
C101777,0,60.19,one_year,0,1,1,5,0
C101778,12,99.73,month-to-month,1,0,2,2,0
C101779,10,70.39,month-to-month,0,0,2,2,1
C101780,2,34.41,month-to-month,1,0,2,3,0
C101781,41,34.53,two_year,1,1,4,3,0
C101782,42,56.28,month-to-month,0,0,1,1,0
C101783,7,60.49,one_year,0,1,4,1,0
C101784,30,87.74,month-to-month,3,1,4,2,0
C101785,56,15.0,one_year,1,1,3,5,0
C101786,21,88.56,one_year,1,0,2,4,0
C101787,11,98.68,month-to-month,2,1,3,5,1
C101788,28,58.18,month-to-month,2,0,3,2,1
C101789,12,100.62,month-to-month,1,1,2,4,0
C101790,20,53.19,month-to-month,2,0,3,2,0
C101791,26,65.85,one_year,1,0,1,4,0
C101792,8,57.71,month-to-month,2,0,3,1,1
C101793,26,109.28,one_year,1,0,1,4,0
C101794,17,98.3,month-to-month,1,1,1,5,1
C101795,22,96.96,month-to-month,1,1,3,5,0
C101796,8,41.95,month-to-month,1,1,3,1,0
C101797,33,72.41,one_year,8,1,4,1,0
C101798,4,41.96,month-to-month,2,1,2,5,1
C101799,16,73.84,one_year,2,0,2,2,0
C101800,18,83.86,month-to-month,0,0,2,2,1
C101801,0,103.92,one_year,0,0,3,4,0
C101802,38,66.51,one_year,2,1,2,1,0
C101803,19,75.79,month-to-month,2,1,3,4,0
C101804,2,66.61,two_year,2,1,1,2,0
C101805,45,43.67,month-to-month,1,1,1,4,0
C101806,30,111.11,month-to-month,2,0,3,1,0
C101807,59,79.61,month-to-month,2,1,1,2,1
C101808,27,105.88,month-to-month,0,0,4,4,0
C101809,17,90.94,two_year,3,1,4,4,0
C101810,38,38.68,month-to-month,1,1,1,1,1
C101811,11,54.75,month-to-month,1,0,1,1,0
C101812,14,87.16,month-to-month,0,1,2,1,0
C101813,11,91.35,one_year,2,1,1,3,0
C101814,9,87.2,month-to-month,0,1,2,3,0
C101815,69,70.25,two_year,1,1,4,5,0
C101816,17,91.54,month-to-month,0,1,4,4,0
C101817,17,45.72,two_year,0,1,2,3,0
C101818,11,64.02,month-to-month,1,0,1,2,0
C101819,10,41.44,one_year,1,1,1,4,0
C101820,6,94.78,month-to-month,2,1,3,4,1
C101821,71,79.44,month-to-month,1,0,1,4,0
C101822,32,87.64,month-to-month,0,1,4,1,0
C101823,16,63.55,one_year,2,1,1,1,0
C101824,22,15.0,month-to-month,2,1,1,2,0
C101825,44,50.38,month-to-month,4,0,1,2,0
C101826,11,73.87,one_year,0,0,2,4,0
C101827,8,71.39,month-to-month,0,1,1,2,0
C101828,16,92.91,month-to-month,0,0,4,2,0
C101829,15,97.92,two_year,0,0,3,3,0
C101830,43,56.07,one_year,2,1,1,3,0
C101831,54,89.61,two_year,2,0,4,3,0
C101832,47,26.92,one_year,0,1,2,2,0
C101833,28,86.66,month-to-month,3,1,3,2,1
C101834,18,17.38,one_year,1,1,3,4,1
C101835,5,82.56,two_year,3,1,2,1,0
C101836,64,15.0,month-to-month,3,1,1,2,0
C101837,46,82.32,one_year,2,0,2,3,0
C101838,18,109.79,one_year,1,1,1,5,0
C101839,34,65.8,month-to-month,0,1,2,5,0
C101840,55,87.58,month-to-month,2,0,2,5,0
C101841,9,97.81,one_year,1,0,1,5,0
C101842,20,15.0,two_year,2,1,3,4,0
C101843,72,21.71,one_year,2,1,3,2,0
C101844,6,70.44,month-to-month,1,1,3,5,1
C101845,4,42.6,one_year,0,0,4,4,0
C101846,72,59.79,month-to-month,0,0,3,3,0
C101847,50,138.37,one_year,0,0,4,3,0
C101848,1,116.78,one_year,3,1,3,3,0
C101849,21,86.4,one_year,1,1,1,4,1
C101850,25,53.29,one_year,3,1,1,3,0
C101851,30,84.03,one_year,1,0,1,2,0
C101852,23,79.25,month-to-month,2,0,1,5,1
C101853,20,66.34,two_year,2,0,1,5,0
C101854,22,112.13,month-to-month,1,1,3,4,1
C101855,23,22.29,month-to-month,2,0,2,5,0
C101856,2,110.41,one_year,4,1,2,4,0
C101857,5,59.88,one_year,4,0,2,3,0
C101858,8,103.61,month-to-month,5,1,1,5,0
C101859,63,67.2,one_year,0,1,2,3,0
C101860,15,56.1,one_year,2,1,3,4,0
C101861,23,53.68,month-to-month,0,0,2,5,0
C101862,72,77.16,month-to-month,2,1,1,5,0
C101863,3,79.57,two_year,3,1,1,4,1
C101864,5,147.24,month-to-month,1,1,4,5,1
C101865,8,111.0,month-to-month,1,1,3,2,0
C101866,60,69.66,month-to-month,2,1,1,4,0
C101867,30,39.86,month-to-month,1,1,1,1,0
C101868,3,73.18,month-to-month,4,0,4,3,1
C101869,2,85.35,two_year,2,0,1,3,0
C101870,4,27.68,month-to-month,4,0,4,5,1
C101871,59,70.97,two_year,3,1,2,2,0
C101872,13,103.58,two_year,0,1,4,4,0
C101873,49,59.05,month-to-month,0,1,1,3,1
C101874,45,30.08,month-to-month,2,1,3,4,0
C101875,72,90.09,one_year,3,1,2,5,0
C101876,19,111.83,month-to-month,2,1,2,3,0
C101877,8,65.63,month-to-month,6,1,3,3,1
C101878,17,75.16,month-to-month,1,1,2,2,0
C101879,54,100.72,one_year,3,0,2,1,0
C101880,71,84.79,month-to-month,2,0,4,4,0
C101881,12,53.51,month-to-month,3,1,1,5,0
C101882,16,62.4,one_year,0,1,3,4,0
C101883,38,69.04,two_year,4,0,1,1,0
C101884,12,71.21,two_year,2,1,1,3,0
C101885,7,101.0,two_year,1,1,2,4,0
C101886,8,45.07,month-to-month,2,1,1,1,0
C101887,16,81.27,two_year,0,1,3,3,0
C101888,7,67.31,one_year,1,1,3,1,0
C101889,35,18.32,month-to-month,3,1,4,4,0
C101890,26,89.91,month-to-month,1,0,4,5,0
C101891,65,74.81,two_year,0,1,1,3,0
C101892,33,38.29,month-to-month,1,1,2,3,1
C101893,14,25.84,one_year,0,0,2,1,0
C101894,5,95.24,one_year,1,0,4,3,1
C101895,6,114.12,one_year,2,1,1,5,1
C101896,52,73.5,two_year,0,0,3,1,0
C101897,24,65.47,month-to-month,4,1,3,1,1
C101898,3,89.72,one_year,2,1,1,2,0
C101899,17,54.38,month-to-month,2,0,1,5,0
C101900,35,57.86,month-to-month,0,0,2,3,1
C101901,39,95.47,one_year,2,1,2,2,1
C101902,44,41.95,month-to-month,0,0,1,2,0
C101903,58,100.5,two_year,4,0,3,5,0
C101904,16,78.78,month-to-month,5,0,3,3,1
C101905,26,104.59,month-to-month,1,1,1,3,1
C101906,2,23.74,month-to-month,2,1,1,4,1
C101907,26,104.32,two_year,0,1,3,5,0
C101908,17,68.72,one_year,1,1,2,1,0
C101909,6,87.39,month-to-month,3,0,1,4,0
C101910,7,50.32,one_year,0,0,4,4,0
C101911,30,44.94,month-to-month,1,1,4,5,0
C101912,6,100.65,month-to-month,2,1,4,3,1
C101913,10,83.46,month-to-month,4,1,1,4,0
C101914,11,85.32,one_year,1,0,4,1,0
C101915,34,88.7,two_year,1,0,1,4,0
C101916,5,86.84,two_year,0,0,3,5,0
C101917,2,30.81,month-to-month,4,1,2,2,1
C101918,5,63.38,two_year,2,1,3,4,0
C101919,30,62.5,month-to-month,1,1,1,2,1
C101920,1,122.83,month-to-month,4,1,1,4,1
C101921,19,105.62,month-to-month,1,1,3,1,1
C101922,17,48.67,two_year,0,1,3,5,0
C101923,11,33.15,month-to-month,1,1,2,5,0
C101924,10,89.75,month-to-month,0,0,1,1,1
C101925,19,86.13,one_year,0,0,1,4,0
C101926,2,106.72,one_year,0,0,4,1,0
C101927,9,41.83,month-to-month,0,1,1,3,0
C101928,13,114.25,month-to-month,2,0,1,5,0
C101929,4,76.55,month-to-month,0,1,3,3,0
C101930,18,104.59,month-to-month,1,1,2,5,0
C101931,9,78.79,month-to-month,0,0,4,2,1
C101932,2,60.88,month-to-month,2,1,1,5,0
C101933,3,51.22,month-to-month,2,1,2,4,1
C101934,10,106.61,month-to-month,1,1,1,3,0
C101935,26,15.0,one_year,1,1,4,5,0
C101936,39,99.51,two_year,3,0,1,4,0
C101937,16,89.3,month-to-month,3,0,3,1,0
C101938,1,53.75,two_year,0,1,1,5,0
C101939,22,91.34,one_year,2,1,3,2,0
C101940,57,68.26,month-to-month,2,1,1,2,0
C101941,1,38.13,month-to-month,2,1,3,5,0
C101942,10,64.04,month-to-month,2,1,1,3,0
C101943,0,86.43,month-to-month,1,1,4,1,0
C101944,21,72.48,month-to-month,3,1,1,2,0
C101945,3,51.66,month-to-month,2,1,3,4,0
C101946,68,88.81,two_year,2,0,2,1,0
C101947,13,90.22,month-to-month,1,1,1,1,0
C101948,23,102.52,one_year,1,0,4,3,0
C101949,10,76.77,month-to-month,0,1,4,4,0
C101950,10,109.67,two_year,1,0,4,3,0
C101951,0,52.65,month-to-month,4,1,2,1,1
C101952,48,59.72,month-to-month,1,1,3,2,0
C101953,8,34.18,two_year,1,1,3,2,0
C101954,7,69.02,two_year,2,1,3,3,0
C101955,11,72.21,month-to-month,0,1,1,3,1
C101956,5,69.92,month-to-month,4,1,3,3,1
C101957,9,37.62,month-to-month,0,1,2,5,0
C101958,8,96.65,month-to-month,0,0,2,2,1
C101959,72,26.84,month-to-month,1,1,1,5,0
C101960,50,46.18,month-to-month,2,1,3,1,1
C101961,8,15.0,two_year,1,0,1,4,0
C101962,44,97.08,month-to-month,4,1,4,5,0
C101963,1,90.74,two_year,1,1,1,5,0
C101964,20,65.19,two_year,0,1,1,1,0
C101965,48,78.65,one_year,2,0,2,1,0
C101966,6,38.15,month-to-month,0,0,4,3,1
C101967,4,42.21,month-to-month,1,0,1,5,1
C101968,38,44.93,one_year,0,1,2,3,0
C101969,25,78.26,one_year,2,0,2,3,0
C101970,72,60.0,one_year,0,1,3,4,0
C101971,4,74.53,month-to-month,1,1,1,3,0
C101972,4,42.46,month-to-month,1,0,1,4,1
C101973,1,35.2,two_year,3,1,1,3,0
C101974,9,80.92,month-to-month,0,1,2,3,0
C101975,1,77.45,month-to-month,0,0,4,5,0
C101976,23,81.37,month-to-month,0,0,1,1,0
C101977,2,53.69,month-to-month,4,1,2,2,1
C101978,15,76.99,month-to-month,3,1,3,3,1
C101979,17,29.86,month-to-month,1,0,1,2,1
C101980,2,41.78,two_year,2,0,3,5,0
C101981,28,78.43,month-to-month,1,1,2,5,0
C101982,72,45.59,month-to-month,3,0,1,5,0
C101983,12,38.49,one_year,1,1,1,4,0
C101984,17,45.76,month-to-month,0,1,2,5,0
C101985,11,112.94,two_year,0,1,2,2,1
C101986,72,59.07,month-to-month,0,1,2,4,0
C101987,46,78.04,month-to-month,2,1,3,3,0
C101988,72,65.97,month-to-month,2,1,4,4,0
C101989,12,132.96,one_year,1,1,1,5,0
C101990,9,67.67,month-to-month,0,0,2,5,0
C101991,0,97.62,month-to-month,0,1,1,2,0
C101992,2,94.92,month-to-month,2,1,2,3,0
C101993,72,81.74,month-to-month,1,0,2,5,0
C101994,21,71.03,month-to-month,2,1,2,4,0
C101995,14,31.54,two_year,0,0,2,4,0
C101996,4,85.41,month-to-month,2,1,3,3,0
C101997,67,127.32,one_year,1,1,3,2,0
C101998,1,84.98,one_year,0,1,2,1,0
C101999,25,123.8,two_year,1,1,2,5,0
C102000,22,89.83,month-to-month,1,0,2,3,0
C102001,32,95.05,month-to-month,0,0,3,3,0
C102002,33,59.12,one_year,2,1,1,3,0
C102003,27,67.95,month-to-month,1,1,2,1,1
C102004,19,83.79,month-to-month,5,0,1,5,1
C102005,14,100.53,one_year,2,0,2,1,0
C102006,39,44.84,month-to-month,1,0,4,5,0
C102007,3,34.39,month-to-month,2,1,1,1,1
C102008,8,68.43,two_year,4,0,2,2,0
C102009,37,68.46,month-to-month,4,1,1,4,0
C102010,53,83.37,one_year,0,1,2,1,0
C102011,26,115.43,month-to-month,2,0,1,5,0
C102012,1,56.82,one_year,0,1,1,4,0
C102013,43,119.62,month-to-month,0,1,1,2,1
C102014,72,86.01,one_year,3,1,3,1,0
C102015,15,71.99,month-to-month,2,1,3,3,0
C102016,12,27.91,month-to-month,0,1,2,1,1
C102017,10,109.78,month-to-month,2,0,1,4,0
C102018,22,117.13,one_year,1,0,1,4,0
C102019,4,83.77,one_year,0,1,1,3,0
C102020,3,84.5,month-to-month,0,1,1,4,0
C102021,72,60.31,month-to-month,2,0,2,1,0
C102022,17,21.44,one_year,2,1,2,4,0
C102023,17,50.59,month-to-month,1,1,4,1,0
C102024,9,33.7,month-to-month,1,0,2,2,0
C102025,1,35.58,month-to-month,0,1,1,5,0
C102026,2,49.15,month-to-month,1,1,1,2,1
C102027,1,55.84,month-to-month,0,0,4,1,1
C102028,29,83.96,one_year,1,1,3,5,0
C102029,36,104.39,month-to-month,2,1,3,5,0
C102030,72,65.09,month-to-month,2,0,1,4,0
C102031,72,91.16,one_year,1,1,1,2,0
C102032,4,61.53,one_year,0,1,2,5,1
C102033,0,62.53,one_year,3,1,2,4,0
C102034,28,79.26,month-to-month,1,1,1,3,0
C102035,8,54.24,month-to-month,2,0,1,1,0
C102036,61,76.7,month-to-month,1,0,2,2,1
C102037,16,57.78,one_year,1,1,1,5,0
C102038,14,47.92,one_year,4,1,3,4,0
C102039,13,53.01,month-to-month,0,0,4,1,0
C102040,9,109.27,two_year,2,1,1,5,0
C102041,20,76.48,month-to-month,2,1,4,3,1
C102042,5,58.42,one_year,3,1,2,5,0
C102043,72,74.56,one_year,2,1,3,5,0
C102044,39,50.45,month-to-month,0,0,2,1,1
C102045,46,57.87,two_year,0,1,1,5,0
C102046,70,60.7,one_year,0,0,1,2,0
C102047,28,26.85,two_year,2,0,2,4,1
C102048,56,65.56,month-to-month,2,0,2,3,0
C102049,32,80.92,month-to-month,1,1,3,1,1
C102050,15,76.71,two_year,1,1,3,3,0
C102051,1,65.98,month-to-month,4,1,2,4,1
C102052,17,96.82,two_year,0,1,4,3,0
C102053,19,48.7,month-to-month,0,1,4,4,0
C102054,32,98.04,two_year,1,0,4,5,0
C102055,49,94.6,one_year,0,1,2,5,0
C102056,24,74.96,one_year,0,1,1,3,0
C102057,2,108.42,one_year,1,1,1,5,0
C102058,2,49.59,two_year,1,1,1,3,0
C102059,49,76.09,one_year,2,1,2,3,1
C102060,51,66.07,two_year,1,1,3,2,0
C102061,12,50.21,one_year,1,1,2,1,1
C102062,2,61.6,one_year,3,1,1,5,0
C102063,3,80.05,month-to-month,1,1,4,4,0
C102064,3,80.01,month-to-month,3,1,1,1,1
C102065,59,85.79,one_year,3,1,1,5,0
C102066,13,52.9,month-to-month,1,0,2,3,0
C102067,15,67.21,two_year,1,1,2,2,0
C102068,41,66.87,one_year,2,1,2,1,0
C102069,7,53.1,month-to-month,2,1,3,2,1
C102070,18,69.43,two_year,1,0,4,5,1
C102071,21,15.81,month-to-month,2,0,1,5,0
C102072,13,40.25,month-to-month,4,1,2,1,1
C102073,3,57.07,two_year,2,1,1,2,0
C102074,13,60.15,one_year,1,0,1,2,0
C102075,3,85.98,month-to-month,2,1,1,4,0
C102076,9,55.58,month-to-month,1,0,1,5,1
C102077,12,112.15,one_year,1,1,1,5,1
C102078,5,32.58,two_year,2,1,2,1,1
C102079,72,116.02,month-to-month,1,1,1,5,0
C102080,28,45.63,two_year,0,0,1,3,0
C102081,64,40.69,two_year,0,1,1,1,0
C102082,65,50.74,two_year,0,1,3,4,0
C102083,8,53.85,two_year,2,1,2,1,0
C102084,4,62.05,month-to-month,2,1,1,4,1
C102085,72,57.85,one_year,2,0,2,1,0
C102086,17,80.93,month-to-month,0,1,3,1,0
C102087,27,89.05,month-to-month,3,1,1,2,0
C102088,48,42.77,month-to-month,2,1,2,2,0
C102089,10,100.51,month-to-month,0,0,1,2,0
C102090,22,75.69,two_year,0,1,2,5,0
C102091,9,69.48,month-to-month,2,0,3,4,0
C102092,6,90.77,month-to-month,1,1,4,3,0
C102093,1,67.1,one_year,2,1,4,4,0
C102094,6,105.69,month-to-month,1,0,4,3,0
C102095,7,39.05,one_year,2,0,1,4,0
C102096,33,99.98,one_year,1,1,3,3,0
C102097,17,57.57,two_year,0,0,4,2,0
C102098,36,87.91,month-to-month,2,1,1,5,0
C102099,8,58.25,month-to-month,1,0,1,3,0
C102100,6,111.3,one_year,3,1,2,4,0
C102101,21,79.19,two_year,4,1,3,1,0
C102102,8,88.41,month-to-month,0,1,1,3,0
C102103,34,42.9,two_year,3,0,2,3,0
C102104,12,32.42,two_year,1,0,4,1,0
C102105,8,75.64,month-to-month,0,1,1,4,1
C102106,34,107.68,month-to-month,3,0,1,3,1
C102107,5,73.73,month-to-month,1,1,2,4,0
C102108,31,32.8,month-to-month,2,1,2,1,0
C102109,12,112.37,month-to-month,3,0,3,2,1
C102110,2,56.81,month-to-month,0,0,4,1,0
C102111,24,88.7,two_year,1,1,3,2,0
C102112,23,49.14,month-to-month,2,0,1,4,0
C102113,3,51.8,month-to-month,3,0,1,5,1
C102114,15,76.92,two_year,1,1,3,2,0
C102115,15,15.0,month-to-month,1,1,2,3,1
C102116,30,44.55,one_year,2,0,2,1,0
C102117,5,58.91,one_year,0,1,1,5,0
C102118,20,59.15,one_year,2,0,4,2,0
C102119,72,28.48,month-to-month,7,1,1,1,0
C102120,0,96.79,month-to-month,2,1,2,1,0
C102121,30,63.56,one_year,3,0,2,2,0
C102122,10,64.69,month-to-month,2,0,2,2,0
C102123,16,21.4,two_year,1,0,1,3,0
C102124,8,66.41,two_year,2,1,2,4,0
C102125,15,84.71,two_year,0,1,3,5,0
C102126,16,89.78,two_year,2,1,3,3,0
C102127,61,83.39,month-to-month,0,0,3,2,1
C102128,50,66.38,month-to-month,1,1,4,2,0
C102129,64,62.41,month-to-month,2,1,4,2,0
C102130,72,72.58,month-to-month,0,0,2,3,0
C102131,12,84.73,one_year,0,1,2,1,0
C102132,36,62.37,one_year,3,0,1,2,0
C102133,53,62.58,month-to-month,1,1,2,1,0
C102134,3,77.61,one_year,4,0,1,5,0
C102135,31,61.63,two_year,2,1,3,5,0
C102136,21,74.41,two_year,0,0,2,3,0
C102137,5,71.25,two_year,3,1,3,1,0
C102138,24,44.95,one_year,0,0,1,1,0
C102139,28,105.31,month-to-month,3,0,3,1,1
C102140,25,84.61,one_year,3,1,3,3,0
C102141,0,45.29,month-to-month,0,1,1,3,1
C102142,62,44.07,month-to-month,3,1,2,1,0
C102143,10,55.68,month-to-month,0,0,1,5,0
C102144,39,52.89,one_year,0,0,4,3,0
C102145,4,43.23,month-to-month,0,0,1,5,1
C102146,22,73.06,month-to-month,2,1,4,3,1
C102147,1,59.5,one_year,0,0,1,5,0
C102148,20,43.97,one_year,1,1,1,3,0
C102149,25,105.47,two_year,0,1,1,2,0
C102150,12,58.83,month-to-month,1,0,3,2,1
C102151,30,75.35,two_year,0,1,1,3,0
C102152,15,34.23,month-to-month,1,0,2,3,0
C102153,1,39.94,two_year,0,1,4,5,1
C102154,1,42.21,month-to-month,1,0,2,2,1
C102155,1,90.32,month-to-month,2,1,1,1,0
C102156,10,85.05,month-to-month,1,1,1,3,1
C102157,63,61.33,month-to-month,2,0,3,2,0
C102158,10,59.73,two_year,1,0,2,3,0
C102159,41,75.2,one_year,2,1,2,2,0
C102160,25,45.72,month-to-month,2,0,1,4,0
C102161,29,61.05,one_year,4,1,2,2,0
C102162,26,90.49,month-to-month,2,0,2,2,1
C102163,5,44.9,month-to-month,2,0,1,3,0
C102164,49,83.0,month-to-month,1,1,3,5,1
C102165,13,64.49,two_year,6,1,1,5,0
C102166,66,71.56,one_year,1,0,2,1,0
C102167,0,63.3,month-to-month,3,1,1,1,0
C102168,3,88.01,month-to-month,2,1,1,4,0
C102169,3,88.45,month-to-month,1,0,2,1,1
C102170,31,80.5,month-to-month,0,0,3,2,1
C102171,3,26.71,month-to-month,0,1,4,1,1
C102172,14,70.01,month-to-month,2,0,2,4,1
C102173,17,96.13,month-to-month,0,1,2,2,0
C102174,17,41.99,one_year,2,0,4,4,0
C102175,8,29.08,month-to-month,0,1,1,2,1
C102176,51,61.48,one_year,0,1,1,4,0
C102177,14,86.87,two_year,1,1,1,1,0
C102178,5,35.49,month-to-month,0,0,1,2,1
C102179,20,75.17,month-to-month,3,0,1,3,1
C102180,3,59.86,month-to-month,0,1,1,1,0
C102181,27,65.93,month-to-month,2,0,3,5,1
C102182,5,76.95,two_year,1,1,3,3,0
C102183,53,62.51,month-to-month,2,0,1,5,0
C102184,2,52.89,month-to-month,1,1,3,4,1
C102185,9,71.07,one_year,2,1,1,4,0
C102186,6,104.99,one_year,2,1,2,4,0
C102187,20,81.79,one_year,5,0,1,4,0
C102188,12,84.12,two_year,2,0,2,4,1
C102189,14,44.13,two_year,1,1,3,3,0
C102190,14,54.3,one_year,1,0,3,1,1
C102191,23,34.4,month-to-month,1,0,3,3,0
C102192,7,89.96,two_year,2,0,2,5,0
C102193,9,91.89,one_year,2,1,1,2,0
C102194,7,77.86,month-to-month,2,1,1,1,0
C102195,4,86.46,two_year,0,0,2,5,0
C102196,23,56.92,month-to-month,2,0,4,2,0
C102197,65,58.25,month-to-month,3,0,1,1,0
C102198,57,97.16,month-to-month,0,1,1,3,0
C102199,72,57.53,two_year,1,0,2,5,0
C102200,3,92.64,month-to-month,4,0,1,2,1
C102201,30,108.41,two_year,2,1,2,1,0
C102202,2,39.09,month-to-month,0,0,1,1,1
C102203,41,45.79,month-to-month,3,1,2,1,0
C102204,45,109.45,one_year,1,1,2,5,0
C102205,16,92.07,two_year,3,1,2,2,0
C102206,72,106.11,month-to-month,2,1,2,3,0
C102207,15,109.3,two_year,1,1,4,4,0
C102208,19,60.49,two_year,3,1,3,2,0
C102209,10,117.69,month-to-month,0,1,4,5,0
C102210,41,102.17,two_year,1,1,3,1,1
C102211,20,93.41,month-to-month,2,1,2,4,0
C102212,17,76.2,month-to-month,3,1,3,4,0
C102213,13,59.42,month-to-month,2,0,4,3,0
C102214,34,49.33,month-to-month,1,0,2,5,0
C102215,2,32.72,one_year,3,1,2,3,0
C102216,24,47.43,one_year,0,1,3,4,0
C102217,2,49.15,month-to-month,1,1,4,2,1
C102218,6,72.92,two_year,0,1,1,5,0
C102219,1,50.9,month-to-month,0,1,3,5,0
C102220,18,24.64,month-to-month,3,1,1,4,0
C102221,69,72.44,month-to-month,1,1,3,2,0
C102222,6,17.54,one_year,7,0,2,2,1
C102223,3,59.68,month-to-month,0,0,1,3,1
C102224,18,85.04,two_year,2,0,3,5,0
C102225,1,30.14,month-to-month,2,0,4,4,0
C102226,10,38.13,one_year,0,1,2,1,0
C102227,14,66.64,month-to-month,0,1,3,5,0
C102228,2,101.11,two_year,0,1,1,4,0
C102229,52,64.86,month-to-month,4,0,2,4,0
C102230,12,56.92,month-to-month,1,1,2,2,0
C102231,21,74.57,one_year,0,1,3,3,0
C102232,3,24.65,month-to-month,2,1,3,4,0
C102233,72,30.47,two_year,1,0,2,5,0
C102234,5,84.96,one_year,2,1,4,2,0
C102235,15,87.8,two_year,3,0,2,4,0
C102236,2,82.71,two_year,2,1,3,4,0
C102237,4,71.35,month-to-month,0,0,4,2,1
C102238,4,79.19,month-to-month,2,1,3,2,1
C102239,12,24.41,month-to-month,1,0,2,5,0
C102240,2,40.95,month-to-month,0,0,3,2,1
C102241,15,58.2,one_year,0,1,1,3,0
C102242,20,92.08,month-to-month,2,0,1,3,0
C102243,5,72.85,month-to-month,0,1,2,3,1
C102244,35,68.87,month-to-month,0,1,4,2,0
C102245,2,40.06,month-to-month,1,0,4,5,0
C102246,21,71.21,two_year,0,1,1,1,0
C102247,40,77.64,month-to-month,2,1,3,3,1
C102248,23,82.52,month-to-month,3,1,4,3,1
C102249,0,65.06,one_year,0,1,1,1,1
C102250,2,119.12,two_year,0,0,3,5,0
C102251,1,39.5,one_year,0,1,1,1,0
C102252,3,90.82,month-to-month,0,1,2,4,0
C102253,18,36.66,two_year,2,0,2,3,0
C102254,72,36.82,month-to-month,0,1,3,1,0
C102255,11,86.42,two_year,0,0,1,4,0
C102256,37,58.73,month-to-month,2,1,2,5,0
C102257,8,49.92,month-to-month,1,1,2,1,0
C102258,72,69.82,month-to-month,1,1,2,1,0
C102259,12,132.46,two_year,0,1,1,4,0
C102260,5,53.85,month-to-month,2,1,4,2,0
C102261,5,60.69,month-to-month,4,0,1,2,1
C102262,3,99.77,two_year,0,0,4,2,0
C102263,2,55.12,month-to-month,4,0,1,5,0
C102264,63,128.94,two_year,3,1,4,4,0
C102265,31,37.27,month-to-month,1,0,3,3,0
C102266,4,63.92,two_year,1,0,2,1,1
C102267,22,93.73,month-to-month,2,1,2,4,0
C102268,15,63.59,month-to-month,0,1,2,5,0
C102269,2,56.98,month-to-month,0,1,3,5,0
C102270,72,34.12,month-to-month,0,0,1,3,0
C102271,6,65.97,two_year,3,1,3,1,0
C102272,20,90.73,month-to-month,2,0,1,1,1
C102273,11,62.63,month-to-month,1,0,1,1,0
C102274,16,44.5,month-to-month,0,1,1,2,0
C102275,72,102.5,month-to-month,2,1,4,5,0
C102276,35,90.43,month-to-month,3,0,3,3,1
C102277,7,83.67,month-to-month,3,0,1,2,1
C102278,29,63.69,one_year,1,0,1,3,0
C102279,15,47.78,month-to-month,0,1,1,5,0
C102280,7,97.69,month-to-month,0,1,1,3,0
C102281,20,70.74,two_year,0,1,2,1,0
C102282,6,59.71,two_year,0,0,3,1,0
C102283,40,64.53,one_year,3,1,2,3,1
C102284,8,78.7,two_year,1,0,3,2,0
C102285,2,90.1,month-to-month,0,1,2,1,1
C102286,48,68.48,one_year,2,0,1,4,0
C102287,4,59.5,one_year,2,1,2,3,0
C102288,30,40.81,month-to-month,0,1,2,4,0
C102289,49,62.03,month-to-month,2,0,1,2,0
C102290,31,63.67,month-to-month,1,0,2,2,0
C102291,72,76.88,two_year,0,0,1,4,0
C102292,8,68.37,month-to-month,4,1,3,4,1
C102293,11,55.55,month-to-month,1,1,1,5,0
C102294,24,66.03,one_year,0,1,1,3,0
C102295,3,84.36,month-to-month,2,1,3,2,1
C102296,72,66.41,month-to-month,1,1,1,4,0
C102297,26,64.52,month-to-month,1,1,1,1,0
C102298,27,62.67,month-to-month,5,1,1,3,0
C102299,21,60.57,two_year,3,0,1,2,0
C102300,17,77.33,month-to-month,3,1,2,1,0
C102301,5,84.16,one_year,2,0,1,2,0
C102302,3,61.66,month-to-month,0,0,2,5,0
C102303,7,64.16,month-to-month,1,0,3,5,0
C102304,1,78.54,two_year,1,0,2,1,0
C102305,23,87.6,two_year,1,1,1,1,1
C102306,5,102.98,two_year,3,1,1,4,0
C102307,61,35.9,month-to-month,2,1,2,1,1
C102308,3,89.97,one_year,4,0,1,5,0
C102309,9,56.98,one_year,1,1,2,5,0
C102310,47,84.37,month-to-month,1,0,4,3,0
C102311,23,91.65,one_year,3,0,1,4,0
C102312,13,114.55,one_year,1,0,3,5,0
C102313,32,56.56,month-to-month,0,1,1,5,0
C102314,12,94.25,month-to-month,1,0,3,3,0
C102315,4,15.0,month-to-month,0,0,3,3,1
C102316,72,70.39,month-to-month,1,1,2,5,0
C102317,49,15.0,two_year,3,0,1,4,0
C102318,32,51.32,month-to-month,2,1,1,2,1
C102319,8,41.22,one_year,2,1,3,4,0
C102320,17,33.06,one_year,1,1,1,5,0
C102321,2,68.41,month-to-month,1,1,2,5,0
C102322,1,41.77,month-to-month,2,0,2,4,1
C102323,70,40.33,month-to-month,2,1,3,4,0
C102324,13,49.15,two_year,2,0,2,5,0
C102325,6,55.84,month-to-month,0,1,1,1,0
C102326,37,81.45,month-to-month,1,0,3,2,0
C102327,18,57.73,month-to-month,2,1,1,4,0
C102328,26,45.77,two_year,3,0,3,4,0
C102329,3,26.55,month-to-month,2,1,3,3,1
C102330,14,82.94,one_year,1,1,1,3,0
C102331,13,75.72,two_year,0,0,3,3,0
C102332,8,83.92,month-to-month,1,1,2,4,0
C102333,5,52.08,one_year,2,0,4,5,1
C102334,50,98.38,month-to-month,0,1,1,4,0
C102335,33,82.34,one_year,0,0,3,4,0
C102336,20,124.8,two_year,0,1,2,1,0
C102337,8,59.68,two_year,2,0,2,5,0
C102338,24,89.38,one_year,1,1,2,3,0
C102339,13,108.79,two_year,2,1,2,5,0
C102340,0,62.99,month-to-month,0,0,1,5,0
C102341,23,68.17,month-to-month,1,1,2,5,0
C102342,26,56.47,month-to-month,1,1,1,4,0
C102343,72,62.06,one_year,0,1,1,2,0
C102344,42,88.67,month-to-month,2,1,1,4,0
C102345,2,73.87,month-to-month,0,0,1,5,0
C102346,9,42.89,month-to-month,2,1,2,5,1
C102347,1,129.81,month-to-month,0,0,3,2,0
C102348,2,51.3,one_year,1,0,3,3,0
C102349,15,97.64,one_year,0,1,1,3,0
C102350,6,70.35,two_year,0,1,3,4,0
C102351,2,85.93,two_year,2,0,2,2,1
C102352,24,83.4,month-to-month,1,0,4,3,1
C102353,61,89.12,two_year,1,1,2,4,0
C102354,42,89.0,one_year,4,0,3,2,1
C102355,1,111.9,month-to-month,4,1,1,4,1
C102356,8,52.58,month-to-month,3,1,1,5,0
C102357,1,36.96,two_year,0,1,1,4,0
C102358,13,28.3,two_year,2,1,4,4,0
C102359,66,18.88,one_year,1,0,2,5,0
C102360,5,81.68,two_year,2,1,2,4,0
C102361,31,26.07,one_year,1,0,2,1,0
C102362,16,29.44,two_year,1,1,4,4,0
C102363,18,75.11,month-to-month,0,0,2,3,0
C102364,43,61.99,month-to-month,3,0,2,1,0
C102365,9,71.31,month-to-month,0,1,1,1,1
C102366,9,15.0,two_year,3,1,4,1,0
C102367,32,37.24,month-to-month,1,1,4,4,0
C102368,4,30.76,two_year,1,0,2,2,0
C102369,3,68.08,month-to-month,0,1,3,4,0
C102370,13,67.63,month-to-month,0,0,1,1,1
C102371,12,78.47,month-to-month,1,1,3,1,0
C102372,9,98.89,month-to-month,1,1,3,5,0
C102373,7,150.0,two_year,1,0,2,3,0
C102374,51,55.62,month-to-month,0,0,2,2,0
C102375,13,85.97,month-to-month,0,0,1,3,1
C102376,9,91.13,two_year,2,0,3,2,0
C102377,37,66.0,two_year,1,0,1,1,0
C102378,45,44.05,month-to-month,0,1,4,4,0
C102379,29,90.16,month-to-month,1,1,3,3,0
C102380,72,90.92,two_year,1,1,3,3,0
C102381,3,82.57,month-to-month,2,1,2,3,1
C102382,14,50.88,month-to-month,1,0,1,5,0
C102383,40,15.0,month-to-month,2,0,3,4,1
C102384,72,43.03,month-to-month,3,0,4,3,0
C102385,5,98.68,month-to-month,3,0,3,5,1
C102386,33,98.36,month-to-month,0,1,1,5,0
C102387,6,43.67,month-to-month,0,0,3,5,0
C102388,12,75.11,month-to-month,1,1,2,4,1
C102389,33,101.15,month-to-month,3,1,1,1,1
C102390,35,101.87,one_year,2,1,3,3,0
C102391,1,45.96,one_year,0,1,2,3,0
C102392,7,64.39,one_year,2,0,4,5,0
C102393,72,67.33,two_year,1,1,1,4,0
C102394,20,41.59,one_year,3,1,1,1,1
C102395,21,112.23,month-to-month,0,1,2,4,0
C102396,7,25.16,month-to-month,3,0,4,1,1
C102397,14,79.2,two_year,1,1,1,5,0
C102398,8,94.56,one_year,3,1,1,1,1
C102399,4,80.4,two_year,1,0,2,2,0
C102400,8,87.67,month-to-month,1,1,1,1,0
C102401,20,15.0,month-to-month,1,0,1,5,0
C102402,18,70.55,month-to-month,0,1,2,1,1
C102403,18,76.73,month-to-month,2,0,1,3,1
C102404,10,76.4,month-to-month,0,0,1,1,1
C102405,14,36.53,month-to-month,0,1,4,1,0
C102406,50,63.44,month-to-month,1,1,2,4,0
C102407,61,48.92,one_year,3,0,1,3,0
C102408,55,104.1,one_year,0,1,3,3,0
C102409,6,53.1,two_year,2,1,3,3,0
C102410,24,66.14,month-to-month,1,1,4,1,0
C102411,35,65.02,two_year,1,1,3,1,0
C102412,10,64.28,month-to-month,0,1,3,1,0
C102413,16,111.72,one_year,4,0,4,1,0
C102414,47,105.76,one_year,0,1,2,1,0
C102415,29,79.01,month-to-month,2,1,1,4,0
C102416,31,61.26,two_year,1,1,3,4,0
C102417,2,58.6,two_year,1,1,2,2,1
C102418,1,23.3,two_year,1,1,2,3,0
C102419,28,71.5,one_year,3,1,4,1,0
C102420,20,77.46,month-to-month,2,0,1,2,0
C102421,5,65.36,two_year,0,1,2,1,0
C102422,0,46.59,month-to-month,0,0,1,2,0
C102423,6,99.25,month-to-month,2,1,1,1,1
C102424,23,88.94,month-to-month,3,1,3,3,0
C102425,11,73.78,month-to-month,2,0,3,3,1
C102426,25,109.08,one_year,1,1,1,4,0
C102427,4,76.18,month-to-month,4,1,2,3,1
C102428,25,115.26,month-to-month,1,0,1,4,1
C102429,3,65.39,two_year,2,0,1,2,1
C102430,54,73.78,month-to-month,3,0,1,4,1
C102431,7,55.14,one_year,1,1,1,3,0
C102432,0,92.62,month-to-month,1,1,2,1,1
C102433,39,57.99,month-to-month,0,0,1,1,1
C102434,9,80.12,two_year,1,0,3,4,0
C102435,13,73.31,month-to-month,0,1,2,5,1
C102436,4,51.48,month-to-month,1,1,1,1,0
C102437,5,125.01,month-to-month,5,1,1,4,1
C102438,12,97.34,two_year,1,1,1,2,0
C102439,8,64.26,two_year,1,0,1,4,0
C102440,17,91.27,one_year,0,1,2,4,0
C102441,7,78.86,month-to-month,2,0,1,4,1
C102442,14,59.41,one_year,0,0,2,3,0
C102443,1,115.83,two_year,0,0,2,3,1
C102444,17,91.02,one_year,0,1,3,2,0
C102445,22,85.53,month-to-month,0,1,3,4,0
C102446,55,83.32,month-to-month,0,1,4,3,0
C102447,30,87.13,two_year,2,0,3,3,1
C102448,2,89.46,month-to-month,3,1,1,2,0
C102449,11,76.74,month-to-month,2,0,3,1,0
C102450,34,75.52,month-to-month,0,1,2,5,1
C102451,30,73.76,month-to-month,3,0,2,2,0
C102452,1,33.22,month-to-month,3,1,1,3,1
C102453,1,66.27,month-to-month,1,0,4,2,1
C102454,16,101.16,month-to-month,0,1,2,5,0
C102455,14,108.98,month-to-month,0,1,1,1,1
C102456,4,75.8,month-to-month,2,0,4,4,1
C102457,7,51.01,month-to-month,2,1,2,4,0
C102458,10,95.95,month-to-month,5,1,3,3,1
C102459,37,50.8,two_year,0,1,3,3,0
C102460,7,45.23,month-to-month,1,0,1,1,0
C102461,39,36.0,two_year,1,0,1,1,0
C102462,44,19.95,one_year,1,0,1,4,0
C102463,7,117.44,month-to-month,0,1,2,2,0
C102464,46,71.67,two_year,2,0,3,2,0
C102465,2,15.0,month-to-month,3,1,2,2,0
C102466,12,50.2,month-to-month,2,1,3,1,1
C102467,3,28.08,two_year,3,0,3,3,0
C102468,9,91.66,month-to-month,2,1,1,5,0
C102469,8,54.01,month-to-month,1,1,1,1,0
C102470,34,51.37,month-to-month,3,1,1,2,0
C102471,43,85.85,one_year,2,1,4,4,0
C102472,10,109.99,month-to-month,4,1,4,1,1
C102473,10,50.75,month-to-month,0,1,1,1,0
C102474,72,68.43,one_year,4,1,2,5,0
C102475,4,45.44,month-to-month,2,0,1,5,0
C102476,15,92.63,two_year,0,1,3,3,0
C102477,22,75.71,one_year,3,1,2,1,0
C102478,26,72.68,one_year,2,1,3,4,0
C102479,4,49.33,month-to-month,0,1,2,1,0
C102480,9,106.38,month-to-month,2,1,1,5,0
C102481,4,62.14,month-to-month,1,0,1,3,1
C102482,34,98.7,month-to-month,3,1,1,3,0
C102483,31,99.94,month-to-month,3,0,2,4,0
C102484,41,41.02,one_year,0,0,4,1,0
C102485,13,64.6,month-to-month,2,0,3,2,1
C102486,0,75.8,month-to-month,1,0,3,1,1
C102487,55,42.7,month-to-month,1,1,1,3,0
C102488,3,67.06,month-to-month,0,1,3,1,1
C102489,6,77.43,month-to-month,2,0,4,3,0
C102490,1,28.58,two_year,3,0,2,1,0
C102491,12,62.02,month-to-month,3,1,2,1,1
C102492,28,77.45,month-to-month,2,1,4,1,1
C102493,63,57.99,two_year,0,1,1,3,0
C102494,19,54.89,month-to-month,1,1,1,5,0
C102495,2,34.63,month-to-month,5,1,1,5,1
C102496,52,69.84,two_year,1,0,2,5,0
C102497,2,74.51,two_year,1,0,3,3,0
C102498,5,66.83,month-to-month,1,1,1,4,0
C102499,6,103.26,one_year,1,0,4,3,0
C102500,52,69.65,month-to-month,0,0,2,4,0
C102501,13,59.05,two_year,2,0,1,1,1
C102502,45,112.66,one_year,2,0,3,3,0
C102503,20,86.9,two_year,2,1,1,5,0
C102504,16,96.92,one_year,1,1,1,2,1
C102505,37,101.74,month-to-month,1,1,2,1,0
C102506,6,56.89,month-to-month,1,1,1,1,1
C102507,8,45.69,two_year,1,0,3,5,0
C102508,58,110.83,one_year,5,1,1,4,1
C102509,22,22.47,two_year,1,1,3,3,0
C102510,12,56.66,month-to-month,2,1,3,5,0
C102511,24,109.46,month-to-month,0,1,3,3,1
C102512,33,53.37,two_year,1,0,1,3,0
C102513,30,88.45,month-to-month,1,1,1,5,0
C102514,17,49.95,month-to-month,2,1,3,2,1
C102515,23,128.93,one_year,3,0,3,1,1
C102516,6,68.02,month-to-month,0,1,1,3,0
C102517,16,90.22,one_year,2,1,2,5,0
C102518,51,36.9,month-to-month,0,1,3,3,0
C102519,59,88.33,month-to-month,3,1,1,2,0
C102520,1,87.18,month-to-month,0,0,2,2,0
C102521,7,58.67,month-to-month,0,0,1,2,0
C102522,7,87.09,two_year,2,1,1,2,0
C102523,10,64.84,month-to-month,2,0,3,3,0
C102524,9,80.0,one_year,0,1,1,4,0
C102525,8,57.51,month-to-month,0,0,1,5,0
C102526,15,58.77,month-to-month,2,0,4,5,0
C102527,7,39.47,month-to-month,1,1,1,2,0
C102528,31,81.08,month-to-month,1,1,3,1,1
C102529,1,64.93,month-to-month,1,1,1,2,0
C102530,72,52.7,one_year,2,1,2,1,0
C102531,5,111.07,one_year,4,1,3,4,0
C102532,54,70.67,one_year,3,1,1,2,0
C102533,27,66.64,two_year,0,0,2,2,0
C102534,52,52.14,month-to-month,2,1,2,3,1
C102535,14,93.35,one_year,5,0,4,1,0
C102536,9,74.04,one_year,0,1,2,3,0
C102537,23,49.61,two_year,0,1,2,1,0
C102538,5,64.03,month-to-month,1,1,3,4,0
C102539,13,84.67,two_year,0,1,2,3,0
C102540,19,72.83,month-to-month,2,0,1,2,1
C102541,3,99.23,month-to-month,0,1,1,1,1
C102542,39,95.76,month-to-month,2,1,1,1,1
C102543,15,124.86,two_year,2,0,1,5,0
C102544,18,53.99,month-to-month,0,0,1,3,0
C102545,27,69.17,one_year,1,0,2,4,1
C102546,55,64.24,month-to-month,3,1,2,5,0
C102547,4,64.3,two_year,2,1,1,1,0
C102548,5,72.03,two_year,1,1,4,3,0
C102549,3,61.59,month-to-month,3,1,2,3,1
C102550,72,92.68,month-to-month,2,0,1,2,0
C102551,14,39.74,month-to-month,3,0,2,2,1
C102552,30,71.7,month-to-month,2,1,2,5,0
C102553,4,85.96,month-to-month,1,1,2,2,0
C102554,63,95.29,two_year,3,1,3,1,0
C102555,3,70.06,one_year,3,1,2,5,1
C102556,27,78.18,month-to-month,1,0,2,1,1
C102557,1,71.87,month-to-month,2,1,2,4,0
C102558,48,82.75,one_year,0,0,1,2,0
C102559,12,66.16,month-to-month,1,0,2,5,0
C102560,24,88.29,month-to-month,1,1,1,5,0
C102561,22,103.99,month-to-month,0,1,1,3,0
C102562,5,122.27,month-to-month,1,1,2,2,0
C102563,15,62.27,month-to-month,1,0,3,4,0
C102564,0,91.52,month-to-month,1,1,2,4,0
C102565,37,77.42,month-to-month,2,0,2,1,1
C102566,15,81.19,two_year,1,0,4,5,0
C102567,8,59.66,month-to-month,0,0,1,1,1
C102568,12,73.65,month-to-month,2,1,2,2,0
C102569,13,84.69,one_year,2,0,2,2,0
C102570,4,71.44,one_year,2,0,1,1,0
C102571,11,60.82,one_year,1,1,3,1,0
C102572,27,101.17,two_year,3,1,3,4,0
C102573,20,73.97,month-to-month,0,0,1,5,0
C102574,72,65.16,two_year,2,1,2,1,0
C102575,33,71.34,two_year,1,0,1,2,0
C102576,42,65.51,month-to-month,3,1,4,5,0
C102577,4,52.24,month-to-month,5,0,1,4,1
C102578,18,83.66,month-to-month,0,0,3,5,0
C102579,7,65.04,month-to-month,1,0,4,5,1
C102580,7,39.97,one_year,3,0,4,5,0
C102581,10,95.68,month-to-month,2,1,1,1,1
C102582,20,62.08,month-to-month,1,0,1,5,0
C102583,13,34.9,month-to-month,3,1,2,3,1
C102584,12,68.54,two_year,1,0,3,1,0
C102585,11,52.89,month-to-month,1,0,2,1,1
C102586,72,74.88,two_year,3,1,2,4,0
C102587,13,40.97,two_year,3,1,2,1,0
C102588,60,59.92,month-to-month,2,0,1,4,1
C102589,72,29.6,month-to-month,0,0,2,3,0
C102590,23,36.01,two_year,0,0,1,2,0
C102591,72,72.18,month-to-month,1,0,3,3,0
C102592,72,55.83,two_year,2,0,1,1,0
C102593,40,107.33,month-to-month,1,1,2,2,1
C102594,30,51.67,one_year,1,1,4,4,0
C102595,6,73.86,two_year,0,0,2,4,0
C102596,5,38.28,two_year,1,1,4,4,0
C102597,1,106.51,one_year,0,0,2,4,0
C102598,6,70.76,month-to-month,0,0,3,2,0
C102599,18,31.95,month-to-month,2,1,2,4,1
C102600,14,75.54,one_year,1,1,1,2,0
C102601,34,57.64,one_year,0,0,3,2,0
C102602,9,122.88,two_year,0,1,1,4,0
C102603,23,96.76,month-to-month,1,1,1,1,0
C102604,11,50.49,one_year,0,1,4,3,0
C102605,6,87.43,month-to-month,0,0,4,3,1
C102606,36,81.76,one_year,4,0,2,4,0
C102607,8,61.19,month-to-month,1,0,1,3,1
C102608,18,61.75,month-to-month,2,1,4,3,0
C102609,7,63.58,one_year,2,0,1,5,0
C102610,25,45.91,month-to-month,1,0,4,4,0
C102611,5,77.06,month-to-month,2,0,2,4,0
C102612,2,57.67,month-to-month,3,1,3,5,0
C102613,24,67.64,one_year,2,0,2,1,0
C102614,16,61.11,month-to-month,0,1,2,1,0
C102615,25,52.15,month-to-month,5,1,2,2,1
C102616,2,117.65,month-to-month,0,0,1,1,0
C102617,36,77.24,month-to-month,0,1,2,3,0
C102618,1,86.6,two_year,1,1,1,1,0
C102619,72,136.56,two_year,2,1,1,4,0
C102620,67,69.05,month-to-month,0,0,3,5,0
C102621,39,52.63,month-to-month,1,0,2,5,0
C102622,9,27.83,one_year,4,1,3,3,0
C102623,25,34.88,month-to-month,1,0,4,3,0
C102624,72,85.57,one_year,2,1,2,5,0
C102625,30,35.83,one_year,4,0,2,4,0
C102626,26,19.48,month-to-month,4,1,2,5,0
C102627,1,70.98,month-to-month,1,1,2,5,0
C102628,1,68.07,one_year,4,0,1,3,1
C102629,24,111.65,one_year,1,0,2,3,1
C102630,15,34.2,month-to-month,5,1,3,1,1
C102631,16,95.3,month-to-month,0,1,2,3,0
C102632,5,15.0,month-to-month,0,1,1,4,0
C102633,9,101.62,month-to-month,0,1,2,1,1
C102634,53,76.99,two_year,4,0,1,2,0
C102635,11,46.64,month-to-month,1,0,2,1,1
C102636,72,100.42,month-to-month,2,1,1,2,0
C102637,4,74.2,month-to-month,1,1,4,2,1
C102638,18,84.78,two_year,3,1,1,4,1
C102639,24,71.05,one_year,1,1,4,4,0
C102640,28,98.33,two_year,0,0,1,1,1
C102641,39,86.35,one_year,2,1,2,5,0
C102642,34,46.6,month-to-month,3,1,3,4,0
C102643,41,48.45,month-to-month,1,0,2,3,0
C102644,1,49.34,month-to-month,1,1,3,4,0
C102645,2,89.53,one_year,3,0,2,1,0
C102646,3,85.29,one_year,1,1,1,2,0
C102647,5,77.14,month-to-month,3,1,2,3,0
C102648,30,64.55,month-to-month,1,1,1,2,0
C102649,19,55.85,month-to-month,0,1,1,1,0
C102650,29,78.73,month-to-month,4,0,1,1,1
C102651,22,90.68,two_year,0,1,1,4,1
C102652,20,89.31,month-to-month,2,0,2,5,0
C102653,5,110.48,month-to-month,1,1,1,2,1
C102654,47,112.9,two_year,1,1,4,4,0
C102655,36,61.25,one_year,5,0,3,1,0
C102656,34,132.88,one_year,4,0,4,1,0
C102657,64,107.52,one_year,2,0,1,1,0
C102658,12,77.8,one_year,2,0,2,3,0
C102659,13,79.51,month-to-month,1,0,1,1,1
C102660,15,83.99,month-to-month,1,1,1,5,0
C102661,10,57.62,one_year,1,1,1,5,0
C102662,17,53.83,month-to-month,1,1,3,2,0
C102663,24,71.58,two_year,0,0,2,1,0
C102664,21,61.4,two_year,2,1,2,1,0
C102665,5,15.0,one_year,0,0,3,4,0
C102666,31,85.96,month-to-month,2,1,1,4,0
C102667,2,23.4,one_year,1,1,4,3,0
C102668,6,78.71,month-to-month,1,1,2,5,0
C102669,12,61.73,two_year,0,1,2,1,0
C102670,42,54.76,month-to-month,1,1,1,1,0
C102671,7,89.2,one_year,2,1,2,5,0
C102672,42,50.15,month-to-month,0,0,4,1,0
C102673,21,46.44,two_year,1,1,1,1,0
C102674,29,77.63,two_year,1,0,2,1,0
C102675,8,75.74,one_year,3,0,3,3,0
C102676,72,53.01,month-to-month,1,1,4,1,0
C102677,25,51.39,one_year,0,1,3,1,0
C102678,2,52.13,month-to-month,0,0,1,3,0
C102679,39,78.4,two_year,1,0,1,4,0
C102680,15,80.97,two_year,0,1,3,3,0
C102681,43,90.4,one_year,3,1,4,5,0
C102682,29,67.5,two_year,7,1,2,4,0
C102683,72,47.86,one_year,2,1,4,3,0
C102684,58,87.9,month-to-month,1,1,1,1,0
C102685,26,135.27,month-to-month,3,1,1,4,0
C102686,35,110.03,month-to-month,2,0,1,5,0
C102687,1,44.95,month-to-month,1,0,4,4,1
C102688,38,89.08,month-to-month,2,1,2,2,0
C102689,32,67.18,two_year,2,0,1,4,0
C102690,69,67.64,month-to-month,0,1,2,3,0
C102691,34,63.68,month-to-month,2,0,1,3,0
C102692,23,49.96,month-to-month,1,1,2,2,1
C102693,36,32.77,month-to-month,0,1,2,2,0
C102694,22,81.16,month-to-month,0,1,2,5,0
C102695,16,45.14,two_year,2,0,2,5,0
C102696,72,56.79,month-to-month,1,1,4,1,0
C102697,16,60.73,month-to-month,3,1,1,5,0
C102698,3,72.61,one_year,2,1,2,2,1
C102699,1,59.51,two_year,3,1,1,1,0
C102700,11,66.61,month-to-month,1,1,4,3,0
C102701,15,59.76,two_year,0,0,2,4,0
C102702,20,76.59,one_year,1,1,1,1,0
C102703,2,79.13,month-to-month,1,0,3,4,0
C102704,19,106.64,two_year,2,1,3,1,0
C102705,72,84.3,month-to-month,1,1,4,4,0
C102706,33,56.23,month-to-month,0,1,2,2,0
C102707,29,84.35,one_year,0,0,2,1,0
C102708,17,93.15,month-to-month,2,0,1,4,0
C102709,52,56.42,one_year,1,1,2,1,0
C102710,2,56.84,month-to-month,4,1,1,1,0
C102711,36,15.0,month-to-month,3,0,2,3,0
C102712,30,107.39,month-to-month,2,1,3,2,0
C102713,11,74.09,month-to-month,1,1,2,2,0
C102714,16,103.93,two_year,0,1,1,5,0
C102715,4,32.72,one_year,1,0,2,4,0
C102716,0,15.0,two_year,1,0,2,5,0
C102717,10,78.21,month-to-month,3,1,3,2,0
C102718,10,49.8,month-to-month,1,1,3,4,0
C102719,18,74.78,two_year,0,0,2,4,0
C102720,10,51.38,month-to-month,2,1,3,5,0
C102721,53,90.86,month-to-month,0,0,3,5,0
C102722,4,62.52,one_year,0,1,1,5,0
C102723,42,66.62,two_year,4,1,1,3,0
C102724,19,82.63,one_year,0,1,4,5,0
C102725,6,59.68,one_year,1,1,1,3,0
C102726,50,61.22,two_year,1,0,3,3,0
C102727,19,101.54,one_year,2,1,3,4,0
C102728,2,68.46,two_year,2,1,4,4,0
C102729,48,76.28,month-to-month,1,1,4,4,0
C102730,8,83.15,month-to-month,2,1,1,5,0
C102731,20,73.48,month-to-month,2,1,3,2,0
C102732,27,83.53,month-to-month,2,0,1,4,1
C102733,33,117.97,one_year,0,0,2,3,0
C102734,30,97.74,one_year,1,1,1,2,1
C102735,43,36.18,one_year,2,1,4,3,0
C102736,35,16.45,month-to-month,0,0,4,4,0
C102737,5,49.35,month-to-month,3,1,2,4,0
C102738,20,15.0,one_year,1,1,2,3,0
C102739,16,15.0,month-to-month,1,0,2,1,1
C102740,3,44.98,two_year,2,1,1,3,0
C102741,14,47.01,month-to-month,0,1,1,5,0
C102742,36,75.16,month-to-month,0,0,4,1,0
C102743,14,82.01,month-to-month,1,1,2,2,0
C102744,12,124.45,two_year,0,1,1,4,0
C102745,16,53.13,one_year,2,1,1,3,0
C102746,20,55.71,month-to-month,0,1,3,5,0
C102747,35,76.19,month-to-month,3,0,3,1,1
C102748,46,97.72,one_year,0,1,3,1,0
C102749,8,64.27,month-to-month,2,0,2,5,0
C102750,7,48.4,month-to-month,1,0,2,1,0
C102751,9,15.0,one_year,2,0,2,4,0
C102752,48,91.44,month-to-month,2,1,4,3,0
C102753,55,64.86,month-to-month,0,1,3,5,0
C102754,10,109.07,month-to-month,2,0,2,1,1
C102755,43,115.58,month-to-month,3,0,1,4,0
C102756,19,117.57,month-to-month,2,0,2,5,0
C102757,72,81.99,month-to-month,0,1,2,1,0
C102758,20,92.31,two_year,1,0,1,4,0
C102759,56,37.39,two_year,3,1,1,5,0
C102760,19,81.11,month-to-month,1,1,3,5,0
C102761,10,61.62,month-to-month,1,1,4,3,0
C102762,45,96.23,two_year,1,0,2,2,0
C102763,10,57.11,two_year,1,0,2,3,0
C102764,37,64.84,one_year,2,1,2,5,0
C102765,18,49.92,one_year,2,0,3,5,0
C102766,9,115.59,month-to-month,0,0,3,4,1
C102767,16,73.28,one_year,4,0,1,4,0
C102768,57,45.68,one_year,2,1,2,1,0
C102769,8,60.7,two_year,2,1,2,5,0
C102770,2,38.52,one_year,0,1,2,5,0
C102771,56,100.17,two_year,6,0,3,2,0
C102772,3,100.8,month-to-month,2,1,4,1,0
C102773,6,74.21,two_year,2,0,2,2,0
C102774,16,77.65,one_year,2,1,4,1,0
C102775,36,34.49,two_year,0,0,1,2,0
C102776,72,109.02,month-to-month,2,0,1,1,0
C102777,5,69.15,two_year,1,0,2,4,0
C102778,6,121.08,one_year,1,1,2,5,0
C102779,72,56.05,month-to-month,0,1,4,2,0
C102780,20,81.95,month-to-month,1,1,1,3,0
C102781,47,91.98,month-to-month,1,0,2,1,0
C102782,11,90.04,one_year,3,0,2,4,1
C102783,8,67.52,two_year,1,1,2,3,0
C102784,50,97.11,month-to-month,2,1,4,1,0
C102785,6,80.04,month-to-month,1,1,2,5,1
C102786,7,70.9,month-to-month,1,1,2,1,1
C102787,11,44.64,month-to-month,1,1,3,1,1
C102788,10,102.07,one_year,2,1,1,3,0
C102789,4,71.15,month-to-month,2,1,2,1,0
C102790,8,82.19,month-to-month,2,0,3,5,0
C102791,5,68.69,one_year,2,0,2,5,0
C102792,18,78.83,one_year,2,1,1,4,0
C102793,28,61.17,month-to-month,0,1,2,1,0
C102794,17,133.87,month-to-month,2,1,2,3,1
C102795,2,115.26,one_year,1,0,1,4,0
C102796,21,87.08,month-to-month,1,1,2,4,1
C102797,30,77.35,month-to-month,0,0,1,1,1
C102798,5,86.95,two_year,0,1,1,2,0
C102799,16,49.2,month-to-month,0,0,1,2,0
C102800,72,85.14,month-to-month,1,0,4,4,0
C102801,42,67.97,two_year,2,1,4,4,0
C102802,15,59.86,month-to-month,1,0,1,2,0
C102803,7,53.37,two_year,0,1,3,1,0
C102804,4,53.54,month-to-month,2,1,1,2,0
C102805,1,82.12,one_year,0,0,4,3,0
C102806,6,70.78,month-to-month,1,1,4,4,0
C102807,16,50.67,one_year,1,1,3,2,0
C102808,17,80.49,one_year,4,1,1,5,0
C102809,5,73.7,one_year,3,1,1,2,1
C102810,15,67.81,month-to-month,0,0,1,3,0
C102811,14,106.14,two_year,1,1,4,2,0
C102812,40,63.76,month-to-month,2,1,4,2,0
C102813,61,37.27,month-to-month,1,1,4,2,0
C102814,72,73.91,month-to-month,2,0,3,3,0
C102815,16,45.74,two_year,1,0,2,2,0
C102816,46,90.73,month-to-month,1,0,2,5,0
C102817,23,84.27,month-to-month,2,1,2,1,0
C102818,3,62.53,one_year,0,1,1,3,0
C102819,2,82.56,month-to-month,3,1,4,3,0
C102820,22,60.31,month-to-month,0,1,2,1,0
C102821,27,58.85,month-to-month,2,0,4,1,0
C102822,25,26.41,two_year,1,1,3,2,0
C102823,16,18.77,two_year,2,0,1,2,1
C102824,22,59.99,month-to-month,2,1,2,1,1
C102825,26,113.31,two_year,1,1,4,1,0
C102826,29,40.71,one_year,2,0,3,4,0
C102827,4,68.12,two_year,3,1,1,2,0
C102828,16,53.82,month-to-month,2,1,3,3,0
C102829,10,82.71,month-to-month,1,1,2,4,0
C102830,16,49.79,one_year,2,0,2,5,0
C102831,12,67.36,month-to-month,1,1,2,3,0
C102832,2,79.83,month-to-month,1,1,1,3,1
C102833,37,57.57,one_year,1,1,1,2,0
C102834,18,66.28,two_year,1,1,3,1,0
C102835,50,64.76,month-to-month,1,1,1,4,0
C102836,1,82.75,month-to-month,3,0,2,5,0
C102837,2,85.3,month-to-month,2,0,1,4,1
C102838,3,88.29,month-to-month,2,0,1,5,1
C102839,49,80.5,month-to-month,2,1,3,1,0
C102840,17,45.67,one_year,0,0,2,2,0
C102841,33,59.88,month-to-month,1,1,2,4,0
C102842,2,82.47,two_year,1,1,3,3,0
C102843,33,71.09,month-to-month,0,1,2,4,0
C102844,2,91.05,two_year,2,1,2,3,0
C102845,58,39.1,month-to-month,1,0,2,3,0
C102846,17,48.29,month-to-month,2,1,4,2,1
C102847,72,49.43,one_year,0,0,1,3,0
C102848,24,77.08,two_year,2,1,2,2,1
C102849,22,54.42,one_year,1,0,2,1,0
C102850,4,48.14,one_year,2,1,4,2,0
C102851,24,78.13,one_year,4,1,2,5,1
C102852,34,59.83,month-to-month,1,1,2,5,0
C102853,23,43.57,month-to-month,2,1,2,5,0
C102854,28,79.89,month-to-month,2,1,4,5,1
C102855,52,67.17,month-to-month,0,0,3,3,0
C102856,29,81.6,one_year,3,0,1,5,0
C102857,25,83.48,two_year,4,0,2,5,0
C102858,18,55.25,two_year,2,0,3,4,1
C102859,15,62.64,month-to-month,1,1,4,1,1
C102860,30,66.61,two_year,3,0,1,2,0
C102861,42,86.03,month-to-month,2,1,1,3,0
C102862,31,68.77,month-to-month,1,1,2,4,1
C102863,3,94.86,month-to-month,0,0,1,1,1
C102864,7,56.38,two_year,1,0,4,1,0
C102865,23,69.65,month-to-month,5,0,3,2,1
C102866,20,100.93,month-to-month,1,1,4,3,1
C102867,60,36.0,two_year,2,0,2,2,0
C102868,72,39.27,two_year,1,1,1,5,0
C102869,54,86.31,month-to-month,3,0,2,4,0
C102870,22,87.77,two_year,0,1,1,2,0
C102871,31,93.24,two_year,3,1,1,3,0
C102872,45,89.96,month-to-month,1,1,1,5,0
C102873,4,94.53,two_year,3,1,1,3,1
C102874,9,57.74,two_year,1,0,4,2,0
C102875,1,70.17,two_year,0,1,2,2,0
C102876,23,83.11,one_year,2,0,3,1,1
C102877,60,40.69,month-to-month,0,0,1,3,0
C102878,0,39.21,month-to-month,2,0,3,5,1
C102879,3,55.54,one_year,2,1,2,2,1
C102880,5,93.36,month-to-month,3,1,1,1,1
C102881,36,87.85,month-to-month,1,0,1,1,0
C102882,11,38.69,month-to-month,2,0,3,1,1
C102883,5,56.09,one_year,2,0,2,2,0
C102884,11,56.36,two_year,2,0,2,5,0
C102885,7,71.34,month-to-month,3,1,2,2,1
C102886,7,74.29,one_year,1,1,1,1,0
C102887,20,69.63,one_year,1,0,2,1,0
C102888,27,47.45,month-to-month,2,1,1,3,1
C102889,7,95.7,one_year,1,0,4,2,0
C102890,19,94.35,month-to-month,0,0,1,2,0
C102891,1,44.53,one_year,0,1,1,1,0
C102892,72,65.44,month-to-month,2,1,1,4,0
C102893,3,94.98,one_year,2,0,1,5,0
C102894,20,77.9,month-to-month,0,0,1,3,0
C102895,72,80.74,two_year,5,0,2,5,1
C102896,9,59.01,month-to-month,5,1,1,3,0
C102897,8,103.55,month-to-month,1,0,1,2,1
C102898,32,43.72,month-to-month,2,0,3,3,0
C102899,15,91.51,month-to-month,2,1,3,5,0
C102900,7,111.75,month-to-month,2,1,1,1,1
C102901,20,51.72,one_year,3,0,4,5,1
C102902,42,101.59,one_year,1,0,1,4,0
C102903,27,89.57,month-to-month,1,1,3,5,0
C102904,7,54.49,one_year,2,1,1,3,0
C102905,26,73.53,month-to-month,0,1,2,2,0
C102906,64,103.54,two_year,1,1,1,1,0
C102907,5,59.23,month-to-month,0,0,2,4,1
C102908,25,59.2,one_year,2,0,2,5,0
C102909,17,15.0,month-to-month,1,1,2,1,1
C102910,26,30.22,month-to-month,1,0,1,3,0
C102911,4,60.64,month-to-month,0,1,1,4,1
C102912,6,66.6,month-to-month,0,0,2,4,0
C102913,10,83.86,month-to-month,3,1,1,1,1
C102914,44,90.61,month-to-month,1,1,2,2,1
C102915,12,116.56,two_year,1,1,1,3,0
C102916,10,86.58,one_year,3,0,1,4,0
C102917,32,139.54,two_year,4,0,2,5,0
C102918,4,88.1,month-to-month,2,0,1,5,1
C102919,9,102.24,month-to-month,1,1,2,1,0
C102920,19,50.91,month-to-month,2,1,4,3,1
C102921,10,80.94,two_year,2,1,1,5,0
C102922,22,93.13,month-to-month,3,1,1,1,1
C102923,22,92.95,month-to-month,1,1,1,5,0
C102924,4,59.57,month-to-month,2,1,3,3,0
C102925,3,69.21,month-to-month,0,1,1,3,1
C102926,37,40.24,one_year,1,0,3,3,0
C102927,13,78.31,one_year,0,1,3,1,0
C102928,4,45.18,one_year,1,0,3,5,0
C102929,2,93.39,month-to-month,2,1,2,2,0
C102930,13,76.28,one_year,1,1,1,3,0
C102931,44,87.22,two_year,3,1,3,3,0
C102932,6,84.41,month-to-month,0,0,3,3,1
C102933,72,80.99,one_year,2,0,1,2,0
C102934,1,89.74,two_year,1,1,3,2,1
C102935,22,72.01,one_year,1,0,2,3,0
C102936,29,31.64,month-to-month,0,1,2,2,1
C102937,18,100.66,two_year,0,0,2,5,0
C102938,7,52.71,one_year,4,1,3,3,0
C102939,9,92.19,two_year,4,0,2,4,1
C102940,19,83.28,month-to-month,2,1,1,1,0
C102941,54,79.39,month-to-month,0,1,2,1,1
C102942,13,74.13,month-to-month,1,0,3,1,0
C102943,10,76.94,one_year,4,1,3,5,0
C102944,12,75.11,one_year,1,1,1,1,0
C102945,72,70.79,month-to-month,0,0,3,4,0
C102946,7,67.34,two_year,4,1,2,3,0
C102947,5,77.36,two_year,0,0,1,1,0
C102948,54,84.68,one_year,2,1,3,1,0
C102949,3,59.99,month-to-month,0,1,1,5,0
C102950,44,75.98,month-to-month,1,1,2,4,0
C102951,24,38.23,one_year,2,1,3,1,0
C102952,72,50.7,two_year,3,0,1,4,0
C102953,9,28.97,two_year,0,0,1,2,0
C102954,46,63.78,month-to-month,0,0,4,1,0
C102955,2,79.14,month-to-month,1,0,4,4,0
C102956,37,86.73,month-to-month,1,0,3,2,0
C102957,10,37.98,month-to-month,0,0,2,4,0
C102958,15,89.53,one_year,1,1,2,3,0
C102959,38,45.64,month-to-month,0,0,2,2,1
C102960,24,60.36,two_year,0,0,3,5,0
C102961,15,58.13,month-to-month,1,1,2,3,1
C102962,8,107.46,one_year,1,1,3,4,0
C102963,34,74.2,month-to-month,1,1,3,5,0
C102964,15,119.86,month-to-month,1,1,2,3,1
C102965,7,93.54,two_year,0,0,1,3,0
C102966,12,64.08,one_year,3,0,1,2,0
C102967,38,79.71,two_year,2,1,1,2,0
C102968,1,102.41,month-to-month,0,1,1,1,1
C102969,9,49.62,one_year,2,0,2,3,0
C102970,31,58.74,month-to-month,2,1,2,4,0
C102971,23,69.37,month-to-month,2,1,3,3,0
C102972,14,62.64,two_year,1,1,3,2,0
C102973,4,64.07,month-to-month,0,1,2,3,0
C102974,1,110.66,one_year,2,1,2,2,1
C102975,12,73.87,month-to-month,2,1,1,5,1
C102976,28,62.76,one_year,0,1,2,5,0
C102977,7,61.03,month-to-month,0,0,2,1,1
C102978,56,38.26,month-to-month,0,1,1,4,0
C102979,23,89.39,month-to-month,2,1,1,4,1
C102980,15,55.41,month-to-month,0,0,3,3,0
C102981,34,150.0,one_year,2,0,4,1,1
C102982,9,81.17,month-to-month,0,0,1,3,0
C102983,54,56.5,two_year,3,0,3,2,0
C102984,11,41.46,month-to-month,3,1,1,4,1
C102985,0,59.1,two_year,2,1,3,3,1
C102986,72,79.76,month-to-month,2,0,1,4,0
C102987,16,56.28,two_year,2,1,2,3,0
C102988,56,85.21,one_year,0,1,1,3,0
C102989,3,86.62,month-to-month,2,1,4,5,0
C102990,5,83.54,month-to-month,2,1,1,1,1
C102991,16,82.4,month-to-month,1,0,3,2,1
C102992,54,70.55,two_year,1,0,2,5,0
C102993,2,54.61,month-to-month,1,1,2,5,0
C102994,19,40.87,month-to-month,3,1,4,5,0
C102995,34,31.91,month-to-month,1,1,3,2,0
C102996,12,59.5,one_year,2,1,4,4,0
C102997,14,86.09,one_year,0,0,3,2,0
C102998,65,69.94,one_year,1,0,4,3,0
C102999,18,45.51,two_year,1,1,1,2,0
C103000,28,91.68,one_year,0,0,4,3,0
C103001,27,47.01,two_year,3,1,1,4,0
C103002,55,42.4,month-to-month,2,0,1,3,0
C103003,10,46.74,month-to-month,1,0,1,1,1
C103004,19,54.26,month-to-month,0,1,2,1,0
C103005,6,68.01,one_year,1,1,2,2,0
C103006,10,40.56,one_year,4,0,2,5,0
C103007,41,31.7,month-to-month,2,1,3,5,0
C103008,72,80.15,month-to-month,2,1,2,2,0
C103009,10,76.02,month-to-month,0,1,1,3,0
C103010,34,81.07,two_year,1,1,2,2,0
C103011,19,87.68,one_year,1,0,3,1,0
C103012,28,71.08,month-to-month,1,0,3,4,0
C103013,11,111.92,one_year,1,0,2,2,0
C103014,10,64.98,month-to-month,1,1,1,2,0
C103015,6,68.48,month-to-month,2,0,4,1,0
C103016,17,100.69,one_year,1,1,1,3,1
C103017,1,79.19,two_year,2,0,1,4,0
C103018,47,66.11,one_year,1,1,2,2,0
C103019,7,69.56,two_year,3,1,2,4,0
C103020,24,42.08,month-to-month,2,0,2,5,1
C103021,17,85.58,one_year,1,0,1,4,0
C103022,10,64.69,two_year,2,1,1,4,0
C103023,69,80.28,one_year,3,0,1,3,0
C103024,45,101.22,month-to-month,1,0,2,5,0
C103025,32,88.18,month-to-month,1,0,2,5,0
C103026,3,76.11,one_year,0,1,4,4,0
C103027,15,79.06,two_year,0,1,1,1,0
C103028,25,73.03,month-to-month,1,0,3,1,1
C103029,2,109.77,two_year,1,1,3,4,0
C103030,29,25.16,month-to-month,1,0,1,2,0
C103031,41,59.23,month-to-month,3,0,1,5,0
C103032,72,50.7,month-to-month,2,1,3,5,0
C103033,17,79.87,one_year,2,0,2,3,0
C103034,1,65.58,two_year,3,1,4,5,0
C103035,6,72.31,month-to-month,0,1,4,1,1
C103036,39,115.42,month-to-month,4,0,4,2,1
C103037,4,76.54,two_year,2,0,2,5,0
C103038,23,90.23,month-to-month,5,1,3,2,1
C103039,25,60.57,month-to-month,0,1,1,2,1
C103040,14,54.02,month-to-month,2,1,2,5,0
C103041,37,46.21,one_year,3,1,3,3,0
C103042,3,103.79,one_year,3,1,1,5,1
C103043,23,44.11,one_year,0,0,2,2,0
C103044,11,59.03,one_year,1,0,4,3,0
C103045,47,124.4,month-to-month,4,0,4,2,0
C103046,12,79.22,month-to-month,1,1,1,1,1
C103047,5,71.15,month-to-month,1,1,2,5,0
C103048,10,64.85,one_year,0,0,4,1,0
C103049,18,43.15,month-to-month,0,1,4,3,0
C103050,2,79.13,month-to-month,0,0,1,3,1
C103051,48,94.33,one_year,1,0,2,2,0
C103052,25,49.22,month-to-month,2,1,1,5,0
C103053,9,58.79,month-to-month,0,1,1,5,0
C103054,22,109.24,month-to-month,1,1,2,4,0
C103055,72,61.54,one_year,0,0,4,2,0
C103056,22,87.9,month-to-month,1,1,4,4,0
C103057,13,124.06,two_year,0,1,1,4,0
C103058,27,50.01,one_year,2,0,2,4,0
C103059,34,68.37,month-to-month,0,0,4,1,0
C103060,28,48.91,one_year,3,0,3,4,0
C103061,6,17.51,month-to-month,0,0,1,2,1
C103062,1,101.22,month-to-month,1,1,2,4,1
C103063,9,84.5,one_year,2,0,4,1,0
C103064,14,63.57,month-to-month,1,1,2,3,0
C103065,43,80.97,month-to-month,1,1,1,1,0
C103066,2,56.34,month-to-month,1,1,4,5,0
C103067,45,36.24,one_year,1,1,3,5,0
C103068,1,55.21,one_year,1,0,2,2,1
C103069,9,52.38,two_year,1,1,2,1,0
C103070,12,46.59,month-to-month,1,1,2,1,0
C103071,64,95.33,month-to-month,2,1,3,2,0
C103072,71,49.98,month-to-month,1,1,4,4,0
C103073,1,44.19,month-to-month,2,0,3,1,1
C103074,5,74.33,one_year,2,1,2,2,0
C103075,14,80.95,month-to-month,2,0,4,1,0
C103076,8,109.29,month-to-month,2,1,1,3,0
C103077,72,76.46,month-to-month,1,1,4,3,0
C103078,23,37.48,two_year,2,0,1,3,0
C103079,9,48.74,month-to-month,3,1,2,2,1
C103080,22,92.44,one_year,0,1,4,5,0
C103081,27,54.33,two_year,3,0,2,1,0
C103082,47,81.19,one_year,5,0,4,3,0
C103083,52,114.17,month-to-month,1,1,4,1,0
C103084,13,35.13,one_year,2,1,1,2,0
C103085,34,34.23,month-to-month,1,0,2,4,0
C103086,72,65.04,two_year,1,1,2,3,0
C103087,18,69.15,one_year,1,0,1,4,0
C103088,32,90.86,month-to-month,2,1,4,2,1
C103089,16,31.63,one_year,4,1,2,5,0
C103090,12,84.13,month-to-month,4,1,2,4,1
C103091,5,63.96,month-to-month,2,1,2,5,0
C103092,2,29.58,month-to-month,5,0,4,1,1
C103093,9,63.87,month-to-month,0,1,1,3,0
C103094,11,81.25,one_year,2,1,3,1,1
C103095,20,112.38,month-to-month,2,1,3,1,1
C103096,27,54.75,one_year,1,1,2,2,0
C103097,30,86.56,two_year,0,1,4,4,0
C103098,35,38.19,month-to-month,1,1,2,2,0
C103099,20,95.11,month-to-month,0,1,2,2,0
C103100,17,71.98,month-to-month,1,1,2,1,1
C103101,23,107.25,one_year,3,0,3,5,0
C103102,29,37.76,month-to-month,3,0,2,1,0
C103103,45,42.59,two_year,1,1,1,1,0
C103104,7,29.26,month-to-month,1,1,4,1,0
C103105,47,112.14,month-to-month,2,1,1,4,1
C103106,5,58.7,month-to-month,0,0,1,1,0
C103107,0,26.33,two_year,0,1,2,1,0
C103108,38,51.97,month-to-month,2,1,1,3,1
C103109,6,89.82,month-to-month,1,1,4,3,0
C103110,44,85.01,month-to-month,0,0,1,4,0
C103111,11,80.02,one_year,3,1,1,4,1
C103112,10,37.95,one_year,1,0,1,5,0
C103113,49,65.52,two_year,1,0,2,5,0
C103114,34,22.33,month-to-month,2,1,2,2,1
C103115,1,33.61,one_year,1,0,1,5,0
C103116,69,83.89,month-to-month,0,1,2,1,0
C103117,6,90.97,one_year,4,0,4,1,1
C103118,26,64.09,one_year,0,0,1,3,0
C103119,68,26.11,month-to-month,2,1,2,2,0
C103120,44,46.64,two_year,3,1,2,2,0
C103121,16,60.44,month-to-month,0,1,1,1,1
C103122,71,107.74,two_year,2,1,2,1,0
C103123,28,54.2,month-to-month,3,1,4,3,0
C103124,7,34.55,month-to-month,1,0,2,3,0
C103125,72,41.19,one_year,0,1,3,4,0
C103126,20,48.87,month-to-month,0,1,3,5,1
C103127,9,56.53,two_year,1,0,1,5,0
C103128,14,63.42,month-to-month,1,1,4,2,0
C103129,5,117.42,two_year,1,1,3,1,0
C103130,20,55.47,two_year,2,1,1,4,0
C103131,20,18.14,month-to-month,2,0,3,4,0
C103132,4,94.08,one_year,1,1,2,2,0
C103133,13,50.82,month-to-month,1,1,3,4,1
C103134,7,51.07,one_year,0,0,3,1,0
C103135,54,55.76,month-to-month,0,1,2,1,1
C103136,5,76.98,one_year,1,0,4,2,0
C103137,22,72.61,month-to-month,1,1,3,4,0
C103138,25,80.64,one_year,1,1,3,3,0
C103139,22,61.26,two_year,1,1,3,2,1
C103140,11,70.84,month-to-month,1,1,4,3,0
C103141,7,43.28,month-to-month,3,0,4,2,0
C103142,0,43.73,month-to-month,1,1,1,1,1
C103143,5,54.66,one_year,2,1,2,1,0
C103144,40,58.44,month-to-month,0,1,2,5,0
C103145,8,28.1,one_year,0,1,2,1,0
C103146,18,40.09,month-to-month,1,0,1,4,0
C103147,8,99.05,one_year,0,0,1,3,1
C103148,2,97.36,two_year,0,1,1,3,0
C103149,13,108.42,two_year,1,1,3,2,0
C103150,72,97.04,month-to-month,0,0,1,3,0
C103151,12,90.74,month-to-month,1,1,3,1,0
C103152,10,111.0,one_year,1,1,4,1,1
C103153,20,84.91,two_year,0,1,1,2,0
C103154,11,61.49,month-to-month,3,0,4,3,0
C103155,6,62.39,month-to-month,0,0,2,2,1
C103156,12,77.33,month-to-month,0,1,3,4,0
C103157,55,79.8,one_year,0,1,1,1,0
C103158,4,66.06,month-to-month,0,0,2,3,1
C103159,3,61.43,month-to-month,3,0,1,4,1
C103160,34,68.51,one_year,1,1,2,3,0
C103161,5,50.38,month-to-month,0,1,3,5,0
C103162,3,123.8,two_year,3,1,3,2,0
C103163,7,82.18,one_year,2,0,1,2,1
C103164,51,21.5,month-to-month,3,0,2,4,0
C103165,68,90.94,one_year,1,0,1,3,0
C103166,65,49.92,month-to-month,1,1,1,2,0
C103167,9,64.44,month-to-month,0,1,1,5,1
C103168,57,70.1,one_year,1,0,1,1,0
C103169,2,91.47,one_year,3,1,4,2,1
C103170,16,69.02,one_year,1,1,2,4,1
C103171,19,76.86,month-to-month,0,1,1,4,1
C103172,14,66.81,one_year,1,1,1,2,1
C103173,72,126.16,two_year,1,1,1,3,0
C103174,34,69.01,month-to-month,1,1,4,4,0
C103175,16,48.52,two_year,3,0,1,1,0
C103176,32,38.5,one_year,1,1,1,5,0
C103177,35,70.37,month-to-month,2,1,1,5,0
C103178,3,59.2,one_year,1,1,4,3,0
C103179,9,74.41,month-to-month,0,1,3,5,0
C103180,10,80.68,month-to-month,1,1,4,4,0
C103181,69,42.07,month-to-month,2,0,2,1,1
C103182,46,71.79,month-to-month,2,1,4,3,1
C103183,9,52.56,one_year,1,0,1,5,0
C103184,72,53.15,month-to-month,3,0,2,3,0
C103185,2,47.12,month-to-month,3,1,1,5,1
C103186,10,64.22,month-to-month,0,1,1,5,0
C103187,5,52.81,month-to-month,2,1,1,2,1
C103188,18,53.09,two_year,1,1,1,1,0
C103189,56,61.44,one_year,2,1,2,3,0
C103190,37,38.62,one_year,1,1,1,3,0
C103191,1,101.93,two_year,1,0,4,1,1
C103192,7,85.33,one_year,1,0,3,4,0
C103193,36,60.85,month-to-month,2,1,1,1,1
C103194,8,77.27,one_year,2,1,1,5,0
C103195,41,47.32,month-to-month,1,1,1,2,0
C103196,23,72.44,two_year,2,1,3,4,0
C103197,29,33.14,month-to-month,3,1,3,1,0
C103198,30,68.43,two_year,3,1,3,3,1
C103199,21,72.82,month-to-month,6,0,4,3,1
C103200,5,61.08,month-to-month,1,1,1,2,1
C103201,40,87.62,month-to-month,0,1,4,1,0
C103202,20,50.42,month-to-month,0,1,1,2,0
C103203,31,72.99,month-to-month,3,1,1,3,0
C103204,1,83.36,month-to-month,0,1,4,3,0
C103205,5,82.63,month-to-month,1,0,2,1,1
C103206,20,69.38,month-to-month,3,1,2,5,0
C103207,39,110.01,month-to-month,3,1,4,2,0
C103208,11,89.01,month-to-month,1,1,1,4,0
C103209,33,85.68,one_year,0,0,1,3,0
C103210,0,52.52,month-to-month,0,1,3,5,1
C103211,1,71.81,one_year,1,1,3,2,0
C103212,28,57.02,one_year,1,0,2,1,0
C103213,72,119.32,month-to-month,1,0,2,5,0
C103214,9,79.03,month-to-month,2,1,1,4,1
C103215,10,51.66,two_year,3,1,4,2,0
C103216,10,90.7,month-to-month,1,1,1,2,0
C103217,21,96.57,two_year,1,1,1,3,0
C103218,12,56.15,month-to-month,2,1,2,1,0
C103219,11,74.17,month-to-month,2,1,2,2,0
C103220,35,130.17,one_year,1,1,3,2,0
C103221,0,71.02,one_year,1,1,1,3,0
C103222,49,78.55,month-to-month,1,1,3,2,1
C103223,32,145.4,two_year,1,1,3,3,0
C103224,72,69.82,month-to-month,2,1,4,2,0
C103225,44,41.46,month-to-month,2,1,4,2,0
C103226,38,47.15,one_year,2,1,3,3,0
C103227,8,73.34,month-to-month,2,1,1,5,1
C103228,36,88.76,two_year,0,0,3,5,0
C103229,22,48.85,month-to-month,2,1,3,3,1
C103230,10,20.75,one_year,3,1,1,3,0
C103231,40,83.72,month-to-month,1,0,1,2,0
C103232,16,64.8,month-to-month,2,1,4,1,0
C103233,72,57.83,two_year,1,1,2,3,0
C103234,31,48.44,month-to-month,3,0,2,1,0
C103235,51,96.92,two_year,1,0,1,1,0
C103236,56,65.84,month-to-month,0,0,2,4,0
C103237,21,38.1,two_year,2,1,1,5,0
C103238,54,45.7,two_year,1,0,3,3,0
C103239,22,58.89,one_year,2,1,3,1,0
C103240,17,34.57,month-to-month,1,1,2,5,0
C103241,72,57.25,month-to-month,2,1,3,3,0
C103242,29,97.57,one_year,3,0,1,4,0
C103243,28,90.38,two_year,1,1,2,3,0
C103244,72,94.02,month-to-month,3,1,2,3,0
C103245,24,93.58,two_year,4,1,1,4,0
C103246,0,73.54,one_year,1,1,3,1,0
C103247,27,78.86,one_year,2,0,3,3,0
C103248,24,27.85,month-to-month,2,1,1,2,0
C103249,31,88.12,month-to-month,3,0,2,5,1
C103250,72,85.06,month-to-month,5,1,2,4,0
C103251,32,75.58,two_year,0,1,2,3,0
C103252,72,75.37,two_year,1,1,1,1,0
C103253,37,43.76,two_year,2,1,4,3,0
C103254,72,58.41,two_year,1,1,3,1,0
C103255,14,31.76,one_year,1,1,1,5,0
C103256,7,58.19,two_year,1,1,3,1,1
C103257,19,63.65,month-to-month,1,1,3,1,0
C103258,53,54.22,month-to-month,3,0,2,2,0
C103259,47,97.93,two_year,0,0,2,4,0
C103260,27,49.65,month-to-month,4,1,2,4,0
C103261,12,77.87,two_year,2,1,1,3,0
C103262,8,74.79,month-to-month,3,1,1,5,1
C103263,1,65.59,month-to-month,0,1,4,1,0
C103264,13,83.38,month-to-month,0,0,4,5,1
C103265,17,79.34,one_year,1,1,1,2,1
C103266,72,60.7,one_year,1,0,4,5,0
C103267,20,101.66,one_year,3,1,2,5,0
C103268,21,66.49,two_year,0,1,3,1,0
C103269,15,84.96,month-to-month,2,0,2,1,1
C103270,0,44.92,two_year,3,1,4,3,0
C103271,8,47.83,one_year,0,1,2,1,0
C103272,26,74.1,two_year,2,1,2,1,0
C103273,30,125.8,month-to-month,3,0,4,1,0
C103274,72,39.42,two_year,2,1,1,1,0
C103275,16,41.19,one_year,1,1,1,3,0
C103276,28,51.44,month-to-month,3,1,1,4,0
C103277,38,59.37,one_year,1,0,3,2,0
C103278,34,71.57,one_year,1,1,1,2,0
C103279,3,95.12,one_year,1,1,1,4,0
C103280,53,65.95,one_year,1,1,1,4,0
C103281,34,84.35,month-to-month,0,1,3,4,0
C103282,27,70.64,one_year,1,0,2,1,0
C103283,4,56.26,month-to-month,0,0,3,4,1
C103284,69,58.39,month-to-month,2,0,1,2,0
C103285,27,81.96,month-to-month,0,1,1,4,0
C103286,5,74.54,month-to-month,1,1,2,5,0
C103287,21,102.22,two_year,2,1,2,3,0
C103288,4,75.01,one_year,1,1,4,2,0
C103289,1,67.37,one_year,1,0,4,2,0
C103290,30,42.7,two_year,0,1,3,1,0
C103291,32,51.86,two_year,3,1,3,2,0
C103292,17,79.17,two_year,4,1,1,4,0
C103293,4,77.97,month-to-month,1,1,3,3,0
C103294,10,110.26,month-to-month,1,0,2,1,1
C103295,3,55.41,one_year,0,1,2,2,0
C103296,6,86.08,two_year,1,1,1,5,0
C103297,2,68.7,month-to-month,1,0,3,3,1
C103298,26,20.52,month-to-month,2,1,4,1,1
C103299,36,42.64,one_year,3,1,1,3,0
C103300,17,76.75,two_year,1,1,3,1,0
C103301,26,61.92,month-to-month,0,1,3,5,0
C103302,4,54.51,one_year,2,1,1,4,0
C103303,57,97.25,month-to-month,2,1,3,3,0
C103304,22,65.28,month-to-month,0,0,2,5,1
C103305,3,77.57,month-to-month,3,0,1,3,1
C103306,18,89.07,month-to-month,3,0,2,1,1
C103307,15,59.62,month-to-month,1,0,1,4,0
C103308,49,86.28,one_year,3,0,1,1,0
C103309,33,46.63,month-to-month,3,1,1,2,0
C103310,2,39.57,month-to-month,1,0,2,2,1
C103311,25,97.44,month-to-month,2,1,2,1,0
C103312,1,102.07,one_year,2,1,1,2,0
C103313,16,88.24,one_year,2,0,2,2,0
C103314,43,52.4,two_year,0,1,1,5,0
C103315,5,62.39,one_year,1,1,4,5,0
C103316,25,48.07,month-to-month,2,0,1,2,1
C103317,13,48.0,one_year,1,1,4,1,0
C103318,3,73.77,month-to-month,2,1,2,3,1
C103319,52,59.19,month-to-month,3,0,2,5,0
C103320,31,98.41,two_year,1,0,4,5,0
C103321,7,32.83,one_year,2,1,1,1,1
C103322,5,57.94,one_year,0,1,2,2,0
C103323,11,41.08,two_year,0,1,3,3,0
C103324,30,38.95,one_year,1,1,3,4,0
C103325,59,115.56,one_year,5,1,1,4,0
C103326,17,108.29,month-to-month,1,1,1,1,0
C103327,0,80.47,one_year,0,1,4,2,1
C103328,0,83.07,month-to-month,0,1,1,4,0
C103329,7,84.87,month-to-month,1,0,2,5,0
C103330,37,71.23,month-to-month,2,1,1,1,0
C103331,4,15.0,month-to-month,1,0,1,5,0
C103332,21,15.66,month-to-month,2,0,1,2,1
C103333,1,83.9,one_year,3,0,2,5,0
C103334,9,15.0,month-to-month,1,0,3,3,0
C103335,26,104.06,month-to-month,3,0,2,5,0
C103336,27,89.79,two_year,0,0,1,3,0
C103337,0,77.38,month-to-month,2,1,1,3,1
C103338,5,78.87,one_year,1,0,4,5,1
C103339,6,86.83,month-to-month,2,0,1,4,0
C103340,7,55.17,month-to-month,0,1,1,3,1
C103341,11,114.41,one_year,1,1,3,2,1
C103342,37,63.43,month-to-month,1,1,1,5,0
C103343,3,47.38,one_year,0,1,1,5,0
C103344,6,114.67,one_year,2,1,2,5,0
C103345,16,73.11,month-to-month,2,0,4,1,0
C103346,36,77.82,month-to-month,4,1,1,2,0
C103347,35,98.87,one_year,2,0,4,3,0
C103348,3,123.19,one_year,0,0,4,3,0
C103349,18,68.88,one_year,1,0,4,4,0
C103350,25,72.33,month-to-month,2,0,3,3,0
C103351,14,35.83,month-to-month,1,0,1,1,0
C103352,46,70.46,two_year,0,1,4,1,0
C103353,3,110.52,one_year,3,0,3,5,1
C103354,20,51.05,two_year,0,1,2,5,0
C103355,30,47.57,month-to-month,1,0,2,1,1
C103356,72,28.34,one_year,1,0,2,3,0
C103357,0,38.41,month-to-month,2,1,2,1,1
C103358,31,37.5,two_year,4,1,2,1,0
C103359,10,70.04,month-to-month,0,0,2,4,0
C103360,33,76.69,month-to-month,0,0,2,1,0
C103361,18,20.38,two_year,2,0,1,4,0
C103362,36,80.17,month-to-month,1,0,2,2,0
C103363,4,101.41,month-to-month,0,0,2,2,0
C103364,59,90.48,month-to-month,1,1,1,5,0
C103365,12,51.25,month-to-month,1,1,4,5,0
C103366,39,89.87,two_year,2,1,3,5,0
C103367,8,57.3,one_year,2,0,3,3,0
C103368,3,42.46,month-to-month,1,1,3,3,0
C103369,10,35.29,month-to-month,5,1,1,5,0
C103370,27,33.3,two_year,2,1,1,2,0
C103371,61,61.5,month-to-month,3,0,3,5,0
C103372,16,84.39,month-to-month,2,0,1,4,1
C103373,10,25.66,month-to-month,0,0,3,4,1
C103374,64,20.39,month-to-month,0,0,1,3,0
C103375,32,98.35,month-to-month,3,1,1,3,1
C103376,14,46.39,two_year,1,0,1,1,0
C103377,25,124.12,one_year,0,1,4,4,0
C103378,7,79.24,two_year,3,1,4,4,0
C103379,17,34.74,month-to-month,2,0,1,4,0
C103380,12,92.51,month-to-month,2,1,4,4,0
C103381,7,94.74,month-to-month,2,1,4,1,1
C103382,2,27.78,month-to-month,4,0,1,1,1
C103383,6,63.39,month-to-month,1,1,3,2,1
C103384,39,103.32,two_year,2,1,2,5,0
C103385,34,32.19,month-to-month,4,1,2,3,1
C103386,14,80.16,month-to-month,1,0,2,1,0
C103387,51,77.95,month-to-month,2,1,4,3,0
C103388,4,117.51,one_year,0,1,1,1,0
C103389,32,101.95,month-to-month,3,1,3,2,1
C103390,35,59.88,one_year,1,1,1,3,0
C103391,2,34.5,month-to-month,0,0,2,3,0
C103392,48,61.06,month-to-month,4,0,1,5,1
C103393,36,71.97,one_year,1,1,2,3,0
C103394,15,69.05,month-to-month,4,1,4,3,1
C103395,16,58.88,month-to-month,1,1,2,5,0
C103396,21,46.22,two_year,2,0,3,4,0
C103397,16,100.81,one_year,2,0,2,4,1
C103398,1,60.17,one_year,1,0,1,3,0
C103399,14,51.28,month-to-month,3,1,2,4,1
C103400,48,74.83,month-to-month,2,1,2,5,0
C103401,18,73.04,one_year,1,0,4,4,0
C103402,7,69.22,month-to-month,3,0,1,4,1
C103403,57,99.13,one_year,0,0,1,3,0
C103404,13,44.7,one_year,1,0,1,5,0
C103405,5,76.16,month-to-month,2,1,2,3,1
C103406,22,94.69,one_year,2,0,2,1,0
C103407,5,58.46,month-to-month,1,1,1,2,1
C103408,23,73.33,month-to-month,0,1,2,3,1
C103409,27,85.8,month-to-month,1,0,3,1,1
C103410,5,82.66,one_year,3,1,2,3,0
C103411,9,70.24,month-to-month,1,1,2,3,0
C103412,21,39.47,two_year,2,0,2,5,0
C103413,6,47.71,month-to-month,1,1,4,4,0
C103414,41,70.29,month-to-month,1,0,2,5,0
C103415,32,62.58,one_year,3,1,1,4,0
C103416,5,62.35,month-to-month,2,1,1,4,0
C103417,21,56.82,month-to-month,3,1,4,2,1
C103418,20,27.27,month-to-month,2,1,1,5,1
C103419,11,84.95,two_year,3,1,4,2,0
C103420,26,44.02,month-to-month,2,0,2,5,0
C103421,13,108.64,month-to-month,3,1,2,1,1
C103422,14,138.34,two_year,1,0,1,2,0
C103423,12,89.43,two_year,1,1,2,2,0
C103424,20,81.5,month-to-month,0,1,2,1,0
C103425,0,54.44,month-to-month,1,0,1,3,1
C103426,22,45.91,two_year,0,0,2,2,0
C103427,3,60.01,month-to-month,0,0,2,5,0
C103428,6,94.87,one_year,1,0,2,1,0
C103429,40,70.9,month-to-month,1,1,2,1,0
C103430,6,30.08,two_year,2,1,1,5,0
C103431,23,89.73,month-to-month,1,0,2,5,0
C103432,7,57.73,month-to-month,0,1,4,3,0
C103433,72,90.27,month-to-month,0,1,1,5,0
C103434,72,70.25,month-to-month,0,0,3,2,0
C103435,10,50.71,month-to-month,1,1,4,4,0
C103436,58,58.77,two_year,2,0,1,1,0
C103437,58,88.15,one_year,0,0,1,1,0
C103438,5,56.02,month-to-month,2,1,4,2,0
C103439,11,102.92,month-to-month,0,1,2,3,1
C103440,5,50.69,two_year,0,1,1,1,1
C103441,6,105.31,one_year,5,1,4,4,1
C103442,18,37.5,two_year,3,1,1,4,0
C103443,17,43.44,one_year,0,0,1,2,0
C103444,14,84.68,two_year,2,0,2,5,0
C103445,5,106.9,month-to-month,1,1,2,5,1
C103446,18,62.72,one_year,1,0,1,4,0
C103447,70,89.44,month-to-month,2,0,3,1,0
C103448,11,47.24,one_year,2,1,3,1,0
C103449,28,45.24,one_year,0,1,1,1,0
C103450,6,70.56,month-to-month,3,0,2,1,1
C103451,34,122.62,month-to-month,1,0,2,3,1
C103452,21,63.32,month-to-month,0,1,2,2,0
C103453,60,30.61,month-to-month,2,1,1,5,0
C103454,2,15.0,one_year,2,0,1,4,0
C103455,26,67.76,month-to-month,1,0,2,2,0
C103456,13,84.68,two_year,1,1,2,4,0
C103457,11,60.76,one_year,1,1,3,1,1
C103458,10,73.68,month-to-month,2,1,2,3,1
C103459,56,50.44,one_year,1,1,4,2,0
C103460,7,100.39,month-to-month,1,1,2,4,0
C103461,24,81.69,month-to-month,3,1,1,3,1
C103462,1,35.1,month-to-month,1,0,2,4,0
C103463,72,54.1,month-to-month,2,1,2,4,0
C103464,39,99.11,month-to-month,1,1,1,2,0
C103465,28,68.33,month-to-month,2,0,2,1,1
C103466,18,15.0,month-to-month,2,0,2,5,1
C103467,11,59.28,two_year,0,0,2,3,0
C103468,14,56.5,two_year,1,1,2,4,0
C103469,26,15.0,two_year,3,1,1,3,0
C103470,17,80.11,one_year,3,1,1,2,0
C103471,54,102.9,month-to-month,1,0,1,4,0
C103472,9,55.14,one_year,0,0,4,2,0
C103473,48,46.53,month-to-month,3,1,2,4,0
C103474,9,62.94,month-to-month,0,1,1,1,1
C103475,4,56.69,two_year,0,0,4,4,0
C103476,3,66.34,month-to-month,1,0,1,2,1
C103477,7,80.96,month-to-month,4,1,1,3,1
C103478,60,29.1,month-to-month,0,0,4,3,0
C103479,39,59.76,one_year,1,0,2,3,0
C103480,32,114.59,one_year,1,0,2,3,0
C103481,9,64.53,two_year,0,1,1,3,0
C103482,6,70.55,two_year,1,0,2,4,0
C103483,11,76.22,month-to-month,0,0,3,4,1
C103484,26,47.48,month-to-month,1,0,1,5,0
C103485,4,33.32,month-to-month,3,0,1,2,1
C103486,18,124.01,two_year,2,1,1,3,0
C103487,11,68.37,one_year,2,0,1,2,0
C103488,34,42.7,month-to-month,1,1,4,1,0
C103489,25,89.47,one_year,2,0,1,1,1
C103490,4,57.74,month-to-month,1,1,2,5,0
C103491,9,44.68,month-to-month,2,0,3,3,1
C103492,40,54.96,month-to-month,1,1,1,1,0
C103493,52,34.09,one_year,0,1,3,4,0
C103494,17,42.48,month-to-month,1,0,4,1,0
C103495,42,89.82,month-to-month,1,0,3,4,0
C103496,6,70.37,month-to-month,4,1,1,5,0
C103497,13,60.85,one_year,3,0,1,5,0
C103498,25,99.81,one_year,0,1,1,5,0
C103499,1,85.09,month-to-month,4,0,1,5,1
C103500,18,57.64,month-to-month,0,0,2,2,1
C103501,46,31.05,one_year,1,1,1,1,0
C103502,6,54.22,month-to-month,0,1,3,4,0
C103503,0,99.08,month-to-month,1,1,2,2,1
C103504,25,44.47,one_year,1,1,2,5,0
C103505,26,120.9,two_year,1,1,4,4,0
C103506,7,62.22,one_year,2,1,4,3,0
C103507,9,33.94,month-to-month,0,1,2,3,0
C103508,10,56.35,month-to-month,3,1,1,3,0
C103509,2,103.24,two_year,4,1,4,4,0
C103510,33,52.25,one_year,3,1,1,5,0
C103511,6,78.71,two_year,3,1,1,1,0
C103512,35,85.91,month-to-month,0,1,2,3,1
C103513,25,53.82,month-to-month,2,1,1,2,0
C103514,3,93.74,month-to-month,1,1,3,1,1
C103515,33,102.81,two_year,1,1,3,3,0
C103516,4,87.3,two_year,0,0,1,3,0
C103517,26,23.98,one_year,1,1,2,4,0
C103518,2,75.29,one_year,2,0,1,1,1
C103519,21,85.94,month-to-month,3,0,3,2,0
C103520,14,89.93,month-to-month,1,1,1,5,0
C103521,18,113.14,month-to-month,0,0,2,4,1
C103522,33,75.23,month-to-month,3,1,3,4,0
C103523,32,69.15,month-to-month,1,0,2,5,0
C103524,1,17.24,one_year,3,1,2,3,0
C103525,4,39.01,month-to-month,1,1,1,5,0
C103526,72,95.91,one_year,3,0,4,4,0
C103527,14,39.49,month-to-month,0,1,3,2,0
C103528,41,62.03,two_year,0,1,2,3,0
C103529,19,26.18,month-to-month,2,1,1,5,0
C103530,36,60.75,month-to-month,0,1,1,3,1
C103531,2,37.6,month-to-month,2,1,2,5,1
C103532,17,79.49,month-to-month,0,1,3,3,1
C103533,33,65.92,month-to-month,2,1,2,5,0
C103534,13,76.43,month-to-month,0,1,4,3,0
C103535,30,29.7,two_year,0,1,2,5,0
C103536,43,62.7,month-to-month,3,1,3,3,0
C103537,40,88.77,one_year,3,1,3,4,0
C103538,6,15.0,month-to-month,1,1,2,3,1
C103539,57,52.43,month-to-month,2,0,2,2,0
C103540,21,65.22,two_year,1,1,1,1,0
C103541,5,87.94,two_year,0,1,2,3,0
C103542,38,82.43,two_year,2,1,4,2,1
C103543,7,83.13,one_year,3,1,2,2,0
C103544,10,75.97,month-to-month,3,1,2,5,0
C103545,13,87.02,month-to-month,0,1,4,4,0
C103546,17,63.75,two_year,0,1,2,5,0
C103547,5,64.86,two_year,1,1,4,4,0
C103548,46,38.59,month-to-month,1,0,1,3,0
C103549,41,62.53,one_year,1,0,1,1,0
C103550,9,61.37,two_year,2,0,1,4,0
C103551,72,106.17,month-to-month,0,0,2,4,0
C103552,1,40.06,one_year,1,0,1,4,0
C103553,3,74.33,month-to-month,1,0,1,5,0
C103554,35,60.71,month-to-month,3,1,2,1,0
C103555,7,69.14,one_year,0,1,4,3,0
C103556,6,94.76,one_year,1,0,2,5,0
C103557,1,66.4,one_year,5,1,2,1,0
C103558,10,45.14,month-to-month,2,0,2,2,0
C103559,2,70.71,month-to-month,2,0,2,3,0
C103560,24,92.25,one_year,3,1,2,2,0
C103561,0,76.18,one_year,1,0,2,4,0
C103562,14,85.75,one_year,1,1,2,3,0
C103563,52,34.52,two_year,1,0,1,2,0
C103564,20,91.57,month-to-month,2,0,3,2,0
C103565,10,56.45,month-to-month,2,0,4,1,0
C103566,3,38.57,month-to-month,1,1,1,1,1
C103567,72,76.49,month-to-month,1,1,1,4,0
C103568,0,33.02,one_year,3,0,4,2,0
C103569,17,75.43,two_year,1,0,3,5,0
C103570,11,108.09,month-to-month,1,1,1,1,1
C103571,35,54.87,month-to-month,0,1,2,1,0
C103572,21,46.66,one_year,1,0,1,5,0
C103573,67,96.34,month-to-month,2,1,1,3,0
C103574,72,84.92,month-to-month,1,1,4,4,0
C103575,31,90.24,month-to-month,1,1,3,5,0
C103576,16,21.22,month-to-month,0,1,3,4,0
C103577,18,47.83,month-to-month,1,1,2,5,1
C103578,60,114.87,month-to-month,1,0,3,1,0
C103579,32,48.29,month-to-month,4,1,2,1,0
C103580,33,57.41,month-to-month,1,1,1,5,0
C103581,67,71.8,one_year,1,0,2,1,0
C103582,11,74.16,month-to-month,1,0,3,4,1
C103583,43,64.07,month-to-month,1,0,2,1,0
C103584,34,15.0,one_year,1,0,1,1,0
C103585,12,82.32,month-to-month,4,0,1,3,0
C103586,34,39.8,month-to-month,5,1,4,4,0
C103587,3,92.58,month-to-month,1,1,1,2,1
C103588,0,99.75,month-to-month,2,0,1,1,0
C103589,50,41.38,one_year,3,1,1,1,1
C103590,72,72.15,two_year,1,1,1,3,0
C103591,14,109.38,month-to-month,2,0,2,3,1
C103592,12,111.56,month-to-month,0,1,1,5,0
C103593,6,92.93,one_year,2,0,3,5,0
C103594,66,56.2,one_year,2,1,2,3,0
C103595,7,79.42,month-to-month,0,0,2,3,0
C103596,25,45.64,one_year,2,1,1,1,0
C103597,41,106.67,month-to-month,0,0,1,4,0
C103598,14,78.1,two_year,1,1,1,5,0
C103599,72,104.06,two_year,1,1,2,3,0
C103600,11,15.0,month-to-month,0,0,1,4,0
C103601,36,55.16,month-to-month,1,1,2,3,0
C103602,6,56.11,month-to-month,1,0,3,3,1
C103603,16,59.09,two_year,3,1,1,2,1
C103604,29,37.93,month-to-month,2,1,4,4,0
C103605,7,80.55,two_year,0,1,3,2,0
C103606,43,47.27,one_year,3,1,2,4,0
C103607,68,115.55,month-to-month,0,0,2,2,1
C103608,8,59.74,month-to-month,0,1,3,4,0
C103609,16,57.34,two_year,0,1,3,4,0
C103610,0,51.27,one_year,2,1,1,3,0
C103611,12,83.68,month-to-month,3,0,1,1,1
C103612,22,77.48,month-to-month,2,1,1,3,0
C103613,4,45.03,month-to-month,0,1,3,4,0
C103614,72,15.0,two_year,0,1,2,3,0
C103615,5,60.15,month-to-month,2,0,3,5,1
C103616,17,48.07,one_year,2,0,4,3,1
C103617,0,69.11,month-to-month,0,1,1,5,1
C103618,8,47.11,two_year,1,1,2,1,0
C103619,39,76.58,month-to-month,1,1,1,2,0
C103620,13,40.37,month-to-month,3,1,1,3,0
C103621,47,75.47,one_year,5,0,4,2,0
C103622,41,63.19,two_year,1,1,1,3,0
C103623,14,92.93,two_year,2,0,4,3,1
C103624,4,65.52,one_year,0,0,1,3,0
C103625,40,84.8,one_year,1,0,4,4,0
C103626,61,61.62,one_year,0,0,2,1,0
C103627,7,63.97,one_year,0,0,1,2,0
C103628,2,51.92,one_year,3,1,3,1,1
C103629,45,36.77,one_year,2,1,1,2,0
C103630,22,73.72,one_year,2,0,2,3,0
C103631,7,68.52,two_year,1,1,3,2,1
C103632,5,108.35,one_year,0,1,3,1,0
C103633,16,80.73,month-to-month,1,1,3,2,0
C103634,63,115.51,month-to-month,1,1,4,1,0
C103635,4,117.66,one_year,2,1,3,5,0
C103636,31,76.06,two_year,0,1,1,2,0
C103637,7,44.11,month-to-month,2,0,1,5,0
C103638,21,63.87,one_year,0,1,2,3,0
C103639,14,94.98,month-to-month,1,1,1,3,1
C103640,20,68.23,one_year,0,0,2,5,0
C103641,3,97.03,one_year,0,1,2,1,0
C103642,48,60.59,one_year,2,1,2,1,0
C103643,72,72.2,one_year,0,0,1,5,0
C103644,16,92.92,two_year,1,1,1,1,0
C103645,12,86.31,two_year,4,1,2,1,0
C103646,37,78.22,month-to-month,1,0,1,2,0
C103647,4,76.18,one_year,1,1,4,4,0
C103648,2,84.33,two_year,3,0,1,5,0
C103649,30,67.95,two_year,0,1,4,3,0
C103650,19,94.87,month-to-month,4,1,3,3,1
C103651,24,55.47,month-to-month,0,0,1,1,1
C103652,1,145.44,two_year,0,0,2,4,0
C103653,48,75.83,two_year,1,1,4,5,1
C103654,26,49.26,month-to-month,2,1,4,5,0
C103655,3,29.75,month-to-month,1,1,1,5,0
C103656,26,47.48,month-to-month,1,1,3,5,0
C103657,72,79.9,month-to-month,3,1,1,2,0
C103658,7,57.83,month-to-month,5,1,1,5,0
C103659,69,98.92,month-to-month,0,1,3,4,0
C103660,72,61.3,month-to-month,0,1,1,3,0
C103661,44,43.87,one_year,1,1,2,4,1
C103662,16,62.0,one_year,2,1,4,3,0
C103663,14,56.33,month-to-month,1,1,1,5,0
C103664,11,64.93,one_year,1,1,4,5,0
C103665,37,41.12,month-to-month,2,1,4,5,0
C103666,4,66.24,month-to-month,2,1,3,5,0
C103667,18,22.76,month-to-month,2,1,2,3,1
C103668,19,73.15,month-to-month,0,0,3,3,0
C103669,64,66.4,one_year,5,1,4,3,0
C103670,57,65.85,one_year,2,0,4,1,0
C103671,16,49.43,one_year,2,1,3,3,0
C103672,22,68.35,two_year,2,0,2,4,0
C103673,29,74.72,month-to-month,3,1,2,2,0
C103674,19,26.27,month-to-month,2,1,2,1,0
C103675,8,94.18,one_year,1,1,4,2,0
C103676,4,65.95,month-to-month,1,1,1,5,0
C103677,20,81.91,one_year,0,1,1,5,0
C103678,14,107.9,two_year,4,1,3,4,0
C103679,8,38.93,month-to-month,2,1,2,5,0
C103680,10,44.97,month-to-month,2,0,1,1,1
C103681,1,45.83,two_year,2,1,3,4,0
C103682,19,70.93,two_year,4,1,3,2,1
C103683,2,44.76,month-to-month,3,1,3,2,1
C103684,3,48.2,month-to-month,4,0,1,1,1
C103685,35,113.55,month-to-month,0,0,1,1,0
C103686,3,63.73,month-to-month,3,1,2,3,1
C103687,29,80.26,month-to-month,0,1,2,4,0
C103688,16,95.24,month-to-month,2,1,2,3,0
C103689,7,106.6,month-to-month,1,1,4,5,0
C103690,20,34.33,month-to-month,1,0,1,1,1
C103691,18,79.86,month-to-month,0,0,1,1,1
C103692,58,89.4,one_year,2,0,1,4,0
C103693,72,98.1,month-to-month,1,1,2,3,0
C103694,15,53.49,month-to-month,0,1,2,5,1
C103695,11,59.46,month-to-month,5,1,2,2,1
C103696,21,74.97,two_year,1,0,2,3,0
C103697,3,71.46,month-to-month,2,1,2,4,1
C103698,18,62.15,month-to-month,2,0,2,4,1
C103699,3,54.94,month-to-month,0,1,4,4,0
C103700,8,67.18,two_year,1,0,2,3,1
C103701,34,63.11,month-to-month,0,0,2,4,0
C103702,35,76.45,month-to-month,1,1,4,2,0
C103703,16,54.57,two_year,0,0,2,5,0
C103704,72,44.63,month-to-month,2,1,3,4,0
C103705,4,58.8,month-to-month,2,0,4,5,0
C103706,9,64.87,one_year,1,1,4,4,1
C103707,22,96.85,month-to-month,1,0,1,3,0
C103708,14,60.3,one_year,1,0,3,1,0
C103709,25,17.59,month-to-month,4,0,3,3,0
C103710,2,125.38,month-to-month,2,0,1,2,1
C103711,30,100.58,two_year,2,1,1,5,0
C103712,4,85.09,month-to-month,1,1,2,3,1
C103713,8,82.36,month-to-month,2,1,1,1,1
C103714,5,71.36,month-to-month,2,1,1,2,1
C103715,31,114.39,month-to-month,0,1,1,5,0
C103716,1,39.84,two_year,0,1,1,5,0
C103717,72,89.26,one_year,1,1,1,5,0
C103718,11,89.51,one_year,1,0,2,4,0
C103719,6,130.27,two_year,3,0,4,2,0
C103720,9,68.33,one_year,0,1,1,2,0
C103721,16,109.14,two_year,1,0,1,4,0
C103722,6,81.55,month-to-month,0,0,1,3,1
C103723,34,45.68,two_year,0,1,3,5,0
C103724,34,42.84,month-to-month,2,1,2,3,0
C103725,24,100.88,two_year,0,0,1,1,0
C103726,57,40.89,month-to-month,3,1,1,2,0
C103727,31,63.36,month-to-month,1,0,1,1,1
C103728,4,112.93,month-to-month,1,1,1,3,0
C103729,7,46.79,month-to-month,2,0,1,2,0
C103730,16,85.12,one_year,0,1,3,5,0
C103731,9,119.82,month-to-month,2,1,2,4,0
C103732,12,109.75,month-to-month,0,0,1,3,0
C103733,15,90.81,month-to-month,1,0,3,1,1
C103734,37,52.43,two_year,1,1,1,1,0
C103735,19,116.79,one_year,1,0,1,4,0
C103736,44,83.6,month-to-month,3,1,1,1,0
C103737,22,72.35,month-to-month,1,0,1,2,0
C103738,0,43.55,month-to-month,1,0,1,5,1
C103739,72,16.29,month-to-month,0,1,3,5,0
C103740,4,80.68,one_year,1,0,4,1,1
C103741,12,59.38,two_year,1,1,4,4,0
C103742,0,27.81,one_year,2,0,4,3,1
C103743,18,93.58,month-to-month,1,1,1,3,0
C103744,27,77.1,month-to-month,1,0,3,2,1
C103745,8,55.54,two_year,0,1,2,1,0
C103746,63,60.52,month-to-month,4,0,3,4,0
C103747,4,84.9,month-to-month,2,1,1,3,1
C103748,71,84.02,one_year,2,1,1,4,0
C103749,37,48.15,one_year,2,1,3,5,0
C103750,4,93.98,one_year,0,1,3,4,0
C103751,3,66.07,month-to-month,2,0,4,3,0
C103752,2,45.61,month-to-month,1,1,2,5,0
C103753,21,67.73,one_year,3,1,1,2,0
C103754,7,71.83,one_year,1,1,1,5,0
C103755,72,100.35,month-to-month,2,1,1,2,0
C103756,3,88.1,one_year,4,1,3,2,0
C103757,40,15.0,month-to-month,1,0,2,1,0
C103758,11,40.04,month-to-month,6,1,1,3,0
C103759,0,90.86,month-to-month,2,0,4,4,0
C103760,32,77.89,one_year,1,1,3,5,0
C103761,21,46.77,month-to-month,2,1,3,3,0
C103762,6,58.1,month-to-month,3,0,3,1,1
C103763,11,111.51,one_year,2,1,3,5,0
C103764,4,15.0,month-to-month,3,1,2,1,0
C103765,3,102.25,month-to-month,2,1,1,5,0
C103766,20,97.91,month-to-month,0,0,3,2,1
C103767,19,55.85,month-to-month,1,1,3,1,0
C103768,5,64.08,two_year,0,1,2,5,0
C103769,8,80.08,month-to-month,2,0,1,4,0
C103770,72,72.96,one_year,2,0,4,3,0
C103771,10,81.55,one_year,3,0,1,2,1
C103772,16,100.97,month-to-month,4,0,1,1,1
C103773,4,54.99,month-to-month,2,0,4,4,1
C103774,1,70.89,month-to-month,4,1,1,5,1
C103775,23,82.43,month-to-month,1,0,3,3,0
C103776,7,60.01,month-to-month,1,1,1,5,1
C103777,33,70.1,one_year,1,0,3,3,0
C103778,6,107.55,month-to-month,2,0,2,1,1
C103779,11,19.54,one_year,0,1,1,2,0
C103780,25,78.09,one_year,1,0,2,4,0
C103781,28,57.43,one_year,0,0,3,1,0
C103782,10,42.32,month-to-month,1,0,1,5,1
C103783,31,65.15,two_year,0,0,1,4,1
C103784,20,80.27,month-to-month,1,0,2,4,1
C103785,41,91.56,month-to-month,1,1,2,4,0
C103786,34,51.8,month-to-month,1,1,1,5,1
C103787,41,87.22,two_year,1,1,2,5,0
C103788,7,107.42,month-to-month,2,1,4,1,1
C103789,2,75.56,one_year,2,1,2,3,0
C103790,0,89.07,one_year,0,1,1,1,0
C103791,10,82.75,month-to-month,1,1,3,4,0
C103792,13,87.63,one_year,2,1,3,1,0
C103793,7,47.25,month-to-month,0,0,1,2,0
C103794,4,101.6,month-to-month,1,0,2,5,0
C103795,13,82.66,one_year,0,1,2,2,0
C103796,9,117.07,one_year,1,1,1,2,1
C103797,1,91.7,month-to-month,2,1,1,3,1
C103798,44,49.27,month-to-month,2,1,2,3,0
C103799,18,100.54,month-to-month,0,0,4,3,1
C103800,5,105.78,month-to-month,1,0,1,1,1
C103801,10,97.86,month-to-month,2,0,2,5,1
C103802,21,63.94,month-to-month,0,1,1,4,0
C103803,2,61.02,month-to-month,2,0,3,4,0
C103804,18,105.25,two_year,1,1,2,4,0
C103805,32,52.01,two_year,2,1,1,1,1
C103806,4,93.37,month-to-month,1,1,4,1,0
C103807,17,74.82,month-to-month,1,0,2,5,0
C103808,54,54.94,month-to-month,3,1,1,3,1
C103809,29,62.14,month-to-month,6,0,1,5,1
C103810,14,58.06,month-to-month,1,1,1,1,1
C103811,1,84.18,month-to-month,1,0,4,2,0
C103812,64,54.82,month-to-month,1,1,2,5,0
C103813,72,69.38,month-to-month,1,1,1,4,0
C103814,37,65.52,one_year,4,0,2,5,0
C103815,6,81.23,month-to-month,2,1,2,1,0
C103816,21,96.78,month-to-month,4,1,2,4,1
C103817,39,34.36,one_year,2,0,2,2,0
C103818,18,81.84,one_year,5,0,1,2,0
C103819,72,54.02,month-to-month,3,1,1,5,0
C103820,22,66.38,one_year,0,0,3,1,0
C103821,0,68.05,two_year,1,0,2,3,0
C103822,8,110.73,month-to-month,3,1,4,5,0
C103823,72,109.32,month-to-month,5,0,1,1,1
C103824,72,65.42,one_year,3,1,2,2,0
C103825,61,65.39,month-to-month,1,0,2,2,0
C103826,6,107.56,month-to-month,3,0,1,5,1
C103827,7,84.24,month-to-month,0,1,3,2,1
C103828,22,118.34,one_year,1,0,1,2,0
C103829,1,54.02,one_year,3,1,4,3,0
C103830,53,100.06,one_year,1,1,4,5,0
C103831,16,59.14,month-to-month,4,1,1,2,0
C103832,32,15.0,two_year,1,1,2,5,0
C103833,23,90.38,month-to-month,0,1,2,2,1
C103834,11,47.66,month-to-month,0,1,3,5,0
C103835,56,89.29,month-to-month,3,1,2,4,0
C103836,7,63.87,one_year,3,1,1,4,0
C103837,17,102.65,one_year,3,0,4,4,0
C103838,13,37.24,month-to-month,2,1,1,3,1
C103839,30,32.12,month-to-month,0,0,1,3,0
C103840,29,108.82,month-to-month,4,1,2,2,1
C103841,14,98.67,month-to-month,0,1,1,5,0
C103842,10,73.96,one_year,1,0,4,4,1
C103843,6,30.69,month-to-month,0,1,4,3,0
C103844,1,92.68,two_year,0,1,2,2,0
C103845,14,132.81,month-to-month,0,1,3,2,1
C103846,0,62.13,month-to-month,0,1,4,2,0
C103847,10,61.28,month-to-month,4,1,3,4,0
C103848,72,50.16,one_year,0,1,2,3,0
C103849,25,82.46,one_year,2,0,3,2,0
C103850,13,69.16,month-to-month,1,0,1,3,0
C103851,69,32.6,month-to-month,2,1,4,5,0
C103852,72,52.81,month-to-month,1,0,3,2,0
C103853,36,94.71,month-to-month,0,1,1,4,0
C103854,9,42.49,two_year,3,1,2,2,0
C103855,52,77.06,month-to-month,0,0,2,5,0
C103856,38,96.35,one_year,1,1,1,4,0
C103857,25,89.51,one_year,3,1,3,5,0
C103858,15,25.94,two_year,1,0,2,1,0
C103859,8,84.99,one_year,2,1,2,4,0
C103860,8,42.58,one_year,2,1,2,3,0
C103861,18,19.95,month-to-month,2,0,2,3,0
C103862,17,77.84,one_year,2,1,4,3,0
C103863,14,29.47,month-to-month,0,0,3,4,0
C103864,38,64.17,two_year,1,1,4,1,0
C103865,7,101.09,two_year,1,0,3,5,0
C103866,3,83.95,one_year,3,1,1,3,0
C103867,5,66.65,month-to-month,1,0,3,2,1
C103868,23,93.31,one_year,1,1,2,4,0
C103869,1,71.46,month-to-month,1,0,2,2,1
C103870,9,89.96,two_year,1,1,1,5,0
C103871,4,98.12,month-to-month,2,0,2,5,0
C103872,1,44.86,month-to-month,6,1,1,1,1
C103873,69,111.27,month-to-month,0,1,4,4,0
C103874,11,66.42,one_year,2,0,4,3,0
C103875,56,71.42,one_year,1,1,2,5,0
C103876,16,74.46,two_year,2,1,3,1,0
C103877,72,62.77,month-to-month,1,1,1,4,1
C103878,4,58.7,month-to-month,0,1,1,3,0
C103879,11,83.13,one_year,0,1,3,2,0
C103880,7,54.51,month-to-month,0,1,1,4,0
C103881,33,81.58,month-to-month,0,1,2,2,0
C103882,7,88.15,month-to-month,1,0,1,1,0
C103883,20,55.35,one_year,1,1,2,1,0
C103884,5,61.5,two_year,1,1,3,5,0
C103885,2,82.88,month-to-month,1,1,1,5,0
C103886,53,68.88,one_year,0,0,3,4,0
C103887,35,85.38,month-to-month,1,0,2,5,1
C103888,38,68.15,one_year,0,1,2,3,0
C103889,72,61.33,one_year,1,0,4,2,0
C103890,46,64.1,two_year,2,0,2,1,0
C103891,2,77.41,one_year,3,1,1,3,0
C103892,8,98.91,one_year,0,1,4,3,0
C103893,13,27.56,two_year,0,0,4,5,0
C103894,71,57.52,two_year,6,1,1,4,0
C103895,1,59.84,month-to-month,0,1,3,1,1
C103896,32,49.66,two_year,2,0,2,3,0
C103897,2,57.72,one_year,2,1,2,5,0
C103898,5,98.8,month-to-month,0,0,1,2,0
C103899,7,94.94,one_year,2,1,1,3,0
C103900,14,54.64,two_year,0,1,3,3,1
C103901,56,33.58,one_year,2,1,1,2,0
C103902,47,79.93,month-to-month,4,0,2,2,1
C103903,9,81.55,month-to-month,0,1,4,4,1
C103904,72,40.15,two_year,2,1,1,3,0
C103905,2,74.62,one_year,1,0,1,3,1
C103906,1,80.21,two_year,0,0,1,1,0
C103907,16,86.1,one_year,1,1,2,5,0
C103908,10,57.09,month-to-month,1,0,1,5,0
C103909,49,82.18,month-to-month,2,0,2,2,0
C103910,1,65.57,month-to-month,3,1,1,4,0
C103911,52,90.85,one_year,1,1,2,2,0
C103912,8,75.9,month-to-month,1,1,2,2,1
C103913,37,85.27,month-to-month,1,0,1,2,0
C103914,0,70.01,one_year,1,1,1,1,0
C103915,59,63.35,month-to-month,1,0,2,4,1
C103916,42,75.45,month-to-month,0,1,3,2,0
C103917,21,91.13,month-to-month,1,1,3,5,1
C103918,43,60.43,two_year,3,1,1,4,0
C103919,39,78.56,one_year,3,0,3,4,0
C103920,46,130.37,month-to-month,0,0,4,2,1
C103921,28,53.67,two_year,2,1,2,4,0
C103922,72,36.88,month-to-month,0,0,3,3,1
C103923,21,46.11,one_year,0,0,3,1,0
C103924,29,62.57,two_year,1,1,1,3,0
C103925,15,69.71,month-to-month,2,1,2,2,0
C103926,72,15.0,month-to-month,2,1,3,1,1
C103927,1,20.51,one_year,0,1,1,2,0
C103928,32,89.07,one_year,1,1,3,5,0
C103929,7,34.83,two_year,0,0,2,5,1
C103930,27,86.59,month-to-month,0,0,3,1,0
C103931,5,100.04,month-to-month,1,1,1,1,1
C103932,10,15.0,two_year,3,0,3,3,0
C103933,28,83.45,month-to-month,2,1,3,1,1
C103934,13,70.64,month-to-month,0,1,2,4,0
C103935,26,61.32,one_year,3,0,1,5,0
C103936,25,79.27,month-to-month,3,1,3,1,1
C103937,3,68.29,month-to-month,1,1,1,4,0
C103938,28,83.11,month-to-month,1,0,2,5,0
C103939,8,115.29,month-to-month,2,0,3,5,0
C103940,13,77.31,two_year,3,1,3,4,0
C103941,17,39.57,month-to-month,0,0,3,4,0
C103942,11,104.33,month-to-month,0,0,4,1,0
C103943,7,97.58,one_year,2,1,2,5,0
C103944,4,105.69,one_year,0,1,2,2,0
C103945,24,79.41,two_year,1,0,3,3,0
C103946,34,91.92,month-to-month,0,1,3,1,1
C103947,5,118.74,month-to-month,0,0,2,5,0
C103948,22,68.24,month-to-month,2,1,1,3,0
C103949,3,54.66,month-to-month,2,1,1,5,0
C103950,25,105.82,month-to-month,3,1,1,5,0
C103951,9,61.54,month-to-month,0,1,1,3,0
C103952,11,98.53,month-to-month,0,0,2,4,0
C103953,27,56.94,one_year,2,1,1,5,0
C103954,15,58.39,month-to-month,0,0,3,1,0
C103955,14,77.57,one_year,2,1,3,2,0
C103956,9,78.11,one_year,1,1,4,1,0
C103957,40,51.33,two_year,2,1,4,4,0
C103958,9,110.55,two_year,2,1,2,2,0
C103959,25,59.77,month-to-month,3,0,4,2,1
C103960,1,87.72,one_year,1,1,3,3,1
C103961,58,47.87,month-to-month,0,1,1,4,0
C103962,72,55.4,month-to-month,3,1,2,2,1
C103963,5,56.34,two_year,1,1,4,5,0
C103964,14,74.36,one_year,0,0,1,4,0
C103965,3,74.38,one_year,1,0,2,3,0
C103966,13,75.74,month-to-month,1,0,3,2,1
C103967,49,70.88,one_year,4,0,4,1,0
C103968,22,93.23,two_year,1,1,2,2,0
C103969,4,92.94,month-to-month,4,0,2,1,1
C103970,72,59.76,month-to-month,1,0,2,4,0
C103971,20,74.01,one_year,1,1,2,2,0
C103972,2,81.8,month-to-month,1,0,4,4,0
C103973,11,88.32,month-to-month,1,1,3,1,0
C103974,4,83.22,month-to-month,4,1,3,1,1
C103975,52,62.31,one_year,2,1,3,2,0
C103976,12,62.6,one_year,2,0,4,1,0
C103977,17,72.38,two_year,2,1,2,4,0
C103978,44,82.76,one_year,2,1,3,2,0
C103979,20,44.52,one_year,0,1,1,2,1
C103980,1,46.17,month-to-month,4,0,3,2,0
C103981,2,60.72,month-to-month,1,1,3,2,1
C103982,5,72.74,month-to-month,1,1,2,5,0
C103983,27,54.47,one_year,1,1,1,1,0
C103984,23,59.89,two_year,2,1,1,2,0
C103985,11,50.65,one_year,1,0,2,1,0
C103986,9,83.11,month-to-month,4,1,3,1,1
C103987,2,21.48,month-to-month,2,0,1,5,0
C103988,2,70.21,two_year,0,1,1,4,1
C103989,24,54.05,month-to-month,0,1,4,5,0
C103990,38,71.05,two_year,3,1,2,3,0
C103991,17,75.0,month-to-month,1,1,1,2,0
C103992,28,15.0,month-to-month,4,0,2,2,1
C103993,14,97.86,one_year,0,1,3,2,0
C103994,1,88.18,month-to-month,3,1,1,1,1
C103995,0,109.18,one_year,1,1,2,4,0
C103996,39,89.63,month-to-month,0,1,1,2,0
C103997,48,92.83,two_year,0,1,2,4,0
C103998,72,83.87,month-to-month,0,0,1,3,0
C103999,9,109.57,month-to-month,3,1,3,4,1
C104000,32,37.64,two_year,0,1,3,2,0
C104001,32,68.01,one_year,4,1,2,3,0
C104002,26,47.82,month-to-month,1,1,2,3,0
C104003,41,92.03,two_year,1,1,2,3,1
C104004,72,76.84,month-to-month,1,0,1,5,0
C104005,5,110.51,month-to-month,0,0,2,1,1
C104006,31,74.0,one_year,4,0,1,1,0
C104007,13,66.17,month-to-month,4,1,4,5,1
C104008,42,66.22,month-to-month,3,0,2,3,0
C104009,58,52.11,month-to-month,2,1,3,3,0
C104010,68,20.39,month-to-month,0,0,3,1,0
C104011,34,69.65,two_year,2,0,2,1,0
C104012,60,59.8,month-to-month,1,0,2,1,0
C104013,3,59.45,month-to-month,0,1,2,3,1
C104014,2,42.26,month-to-month,2,1,1,3,0
C104015,13,72.75,month-to-month,0,1,2,5,0
C104016,31,44.74,one_year,3,0,1,2,1
C104017,39,77.03,month-to-month,0,1,2,2,0
C104018,44,64.54,month-to-month,1,1,2,3,0
C104019,3,62.43,one_year,1,1,1,3,0
C104020,28,31.37,month-to-month,2,1,2,5,0
C104021,19,78.49,month-to-month,1,1,3,3,0
C104022,4,91.7,one_year,1,1,1,5,0
C104023,15,67.05,month-to-month,1,1,1,1,1
C104024,36,55.91,two_year,0,0,2,5,0
C104025,4,85.44,month-to-month,1,1,4,3,0
C104026,54,89.6,month-to-month,1,1,3,5,0
C104027,4,59.62,month-to-month,2,0,1,2,1
C104028,2,137.62,month-to-month,0,0,2,1,1
C104029,11,100.78,month-to-month,2,1,1,5,0
C104030,36,107.33,month-to-month,4,1,4,2,1
C104031,36,80.62,one_year,2,1,2,1,0
C104032,48,80.21,month-to-month,2,0,1,4,1
C104033,5,46.06,one_year,3,0,2,3,1
C104034,6,63.97,two_year,1,0,3,5,0
C104035,6,71.68,two_year,3,1,1,1,0
C104036,6,87.46,two_year,1,0,1,2,0
C104037,13,57.89,month-to-month,1,1,2,5,0
C104038,72,49.45,two_year,1,1,1,2,0
C104039,27,99.14,month-to-month,0,1,2,2,0
C104040,10,73.0,month-to-month,0,0,2,1,1
C104041,72,93.66,month-to-month,1,1,1,5,0
C104042,20,72.97,one_year,4,1,3,3,0
C104043,1,55.26,month-to-month,1,0,3,4,0
C104044,2,69.83,one_year,0,1,1,4,0
C104045,19,15.0,month-to-month,1,1,1,3,0
C104046,5,94.44,month-to-month,0,0,3,1,0
C104047,8,84.06,two_year,1,1,1,3,0
C104048,11,99.21,month-to-month,2,1,4,3,0
C104049,22,64.87,month-to-month,0,0,3,4,1
C104050,64,119.08,month-to-month,0,1,3,4,0
C104051,2,100.51,one_year,0,0,1,3,1
C104052,62,26.91,month-to-month,3,0,1,2,1
C104053,13,26.48,month-to-month,3,1,2,4,0
C104054,9,76.6,month-to-month,0,1,1,1,0
C104055,8,36.01,month-to-month,0,1,4,3,0
C104056,11,66.55,one_year,2,0,4,4,0
C104057,13,65.86,one_year,2,0,1,1,0
C104058,12,62.48,two_year,0,1,3,3,0
C104059,45,107.3,month-to-month,1,1,1,2,0
C104060,10,84.28,month-to-month,2,1,2,3,0
C104061,7,86.02,month-to-month,3,1,2,4,0
C104062,64,76.01,month-to-month,1,1,2,2,0
C104063,36,143.73,month-to-month,1,1,3,4,0
C104064,1,102.96,month-to-month,4,1,2,5,1
C104065,19,53.13,one_year,1,0,1,4,0
C104066,24,84.06,one_year,2,1,3,4,0
C104067,4,51.93,month-to-month,3,1,1,3,0
C104068,10,65.9,one_year,1,1,3,1,0
C104069,5,68.06,month-to-month,2,0,4,1,1
C104070,2,35.84,one_year,1,1,2,1,1
C104071,17,24.15,month-to-month,0,0,1,4,0
C104072,2,40.11,month-to-month,1,1,1,3,1
C104073,15,83.71,two_year,5,1,1,4,0
C104074,16,15.0,one_year,0,1,4,4,0
C104075,22,85.06,one_year,2,0,3,2,0
C104076,46,17.5,one_year,2,0,1,5,0
C104077,1,50.45,month-to-month,1,0,2,5,0
C104078,5,56.78,one_year,0,0,2,1,0
C104079,26,88.41,one_year,3,1,3,3,0
C104080,13,70.08,month-to-month,1,1,1,2,0
C104081,5,42.89,month-to-month,3,0,2,4,1
C104082,5,55.46,month-to-month,0,1,1,1,1
C104083,5,76.16,one_year,0,1,2,4,0
C104084,61,96.89,two_year,0,1,3,3,0
C104085,12,76.79,month-to-month,4,1,3,5,1
C104086,21,67.26,one_year,4,1,3,2,0
C104087,20,63.5,month-to-month,0,0,1,2,0
C104088,34,108.99,month-to-month,0,1,3,2,0
C104089,16,49.73,month-to-month,1,0,2,2,0
C104090,12,58.6,two_year,3,1,1,3,0
C104091,30,78.74,two_year,0,1,1,5,0
C104092,9,101.72,month-to-month,0,0,3,4,0
C104093,2,27.28,month-to-month,1,0,2,5,1
C104094,72,94.12,two_year,1,0,1,3,0
C104095,65,98.71,two_year,0,1,1,1,0
C104096,15,76.34,month-to-month,2,1,1,1,1
C104097,31,22.91,two_year,2,0,3,1,0
C104098,41,52.13,one_year,3,0,3,1,1
C104099,12,66.34,one_year,2,0,2,4,0
C104100,5,77.0,month-to-month,1,0,4,3,1
C104101,4,39.02,month-to-month,4,1,1,1,1
C104102,50,63.76,one_year,1,1,2,5,0
C104103,72,87.62,month-to-month,2,0,4,2,0
C104104,14,56.26,two_year,2,1,1,5,0
C104105,72,62.34,month-to-month,4,1,1,1,0
C104106,15,58.31,one_year,2,1,2,4,0
C104107,14,34.55,two_year,1,0,1,5,0
C104108,8,60.9,one_year,1,1,4,5,0
C104109,20,64.42,month-to-month,1,1,1,3,0
C104110,12,88.46,month-to-month,3,1,3,4,0
C104111,48,50.0,month-to-month,2,1,2,5,0
C104112,72,37.23,month-to-month,1,1,4,4,0
C104113,30,57.59,two_year,2,1,1,1,0
C104114,14,47.79,month-to-month,1,0,3,2,1
C104115,11,83.75,one_year,3,1,2,4,0
C104116,72,55.85,month-to-month,3,1,2,5,0
C104117,27,30.9,month-to-month,4,0,1,3,0
C104118,24,84.87,month-to-month,0,0,1,1,1
C104119,0,67.93,month-to-month,1,1,1,2,1
C104120,72,74.26,month-to-month,2,1,2,1,0
C104121,10,79.73,one_year,1,0,3,3,1
C104122,17,96.18,month-to-month,1,1,2,4,0
C104123,4,46.95,month-to-month,3,1,2,3,1
C104124,72,85.35,month-to-month,1,1,4,2,0
C104125,51,71.6,one_year,2,0,4,2,0
C104126,12,71.23,month-to-month,0,1,1,1,0
C104127,38,67.35,one_year,2,1,3,3,0
C104128,72,58.18,month-to-month,0,1,4,2,0
C104129,49,75.11,two_year,0,0,1,4,0
C104130,3,70.52,month-to-month,3,0,4,2,1
C104131,2,86.76,two_year,0,0,1,1,1
C104132,10,106.84,one_year,1,1,1,5,0
C104133,16,45.23,month-to-month,1,0,3,1,0
C104134,6,118.24,month-to-month,2,0,4,2,1
C104135,4,96.82,month-to-month,1,1,3,3,1
C104136,6,41.37,month-to-month,1,0,1,1,1
C104137,72,66.55,month-to-month,2,1,1,2,0
C104138,40,69.75,month-to-month,3,1,3,4,0
C104139,4,98.96,month-to-month,4,1,2,4,0
C104140,13,45.71,one_year,3,0,1,1,1
C104141,45,112.4,month-to-month,0,1,1,3,0
C104142,8,42.9,month-to-month,1,1,1,1,0
C104143,18,60.83,month-to-month,0,0,1,2,0
C104144,8,54.56,one_year,3,1,2,1,0
C104145,63,38.97,two_year,2,1,1,4,0
C104146,17,41.71,month-to-month,0,0,3,2,0
C104147,9,55.19,month-to-month,2,1,2,5,0
C104148,32,63.21,month-to-month,1,1,2,2,0
C104149,6,54.5,month-to-month,3,1,4,4,0
C104150,7,46.75,one_year,4,0,1,1,1
C104151,62,15.0,one_year,1,0,1,2,0
C104152,53,62.9,month-to-month,2,1,1,3,1
C104153,5,116.61,one_year,1,0,4,5,0
C104154,3,111.1,month-to-month,0,1,2,5,0
C104155,51,98.63,month-to-month,4,1,2,2,0
C104156,14,60.03,one_year,2,0,2,2,0
C104157,35,82.64,two_year,3,1,2,3,0
C104158,10,56.55,two_year,2,0,2,5,0
C104159,2,58.14,one_year,3,0,2,3,0
C104160,3,73.78,two_year,0,0,1,1,0
C104161,15,95.26,month-to-month,0,1,3,1,1
C104162,33,57.58,month-to-month,1,0,4,5,0
C104163,58,53.49,month-to-month,1,0,2,1,0
C104164,9,69.02,two_year,2,1,3,1,0
C104165,13,32.98,month-to-month,1,0,1,1,1
C104166,30,91.2,one_year,1,1,4,4,0
C104167,28,95.29,month-to-month,3,0,3,1,1
C104168,36,99.35,month-to-month,2,1,1,5,0
C104169,33,89.15,month-to-month,3,0,4,2,0
C104170,18,55.21,month-to-month,1,0,2,3,0
C104171,34,64.05,one_year,2,1,1,5,0
C104172,14,46.64,month-to-month,0,1,1,3,1
C104173,36,77.64,month-to-month,0,1,1,1,0
C104174,15,124.16,month-to-month,1,1,2,3,0
C104175,3,45.58,two_year,1,1,1,5,0
C104176,40,86.28,month-to-month,2,1,3,4,0
C104177,4,104.19,one_year,1,1,1,4,0
C104178,19,44.11,month-to-month,0,1,3,1,0
C104179,32,122.96,month-to-month,0,1,2,1,0
C104180,24,53.45,one_year,1,0,1,5,0
C104181,20,67.4,one_year,2,0,1,5,0
C104182,72,80.42,month-to-month,2,1,1,4,1
C104183,7,93.17,month-to-month,1,1,2,1,1
C104184,17,89.86,two_year,1,1,3,1,1
C104185,33,63.89,one_year,0,0,2,4,0
C104186,72,53.74,one_year,2,0,1,4,0
C104187,6,15.0,month-to-month,1,0,2,5,1
C104188,1,57.48,one_year,3,1,3,2,1
C104189,40,101.47,month-to-month,3,0,4,3,0
C104190,25,50.42,month-to-month,1,1,2,3,0
C104191,14,85.36,one_year,1,1,2,2,0
C104192,59,87.71,two_year,1,0,1,3,0
C104193,72,74.29,one_year,2,1,2,4,0
C104194,11,56.26,month-to-month,2,0,4,2,0
C104195,13,56.32,month-to-month,0,1,2,4,0
C104196,20,68.92,month-to-month,1,0,1,5,1
C104197,12,26.34,one_year,0,0,1,1,0
C104198,14,104.89,month-to-month,2,0,1,2,0
C104199,6,44.01,month-to-month,2,1,2,5,0
C104200,43,54.46,month-to-month,3,0,1,5,0
C104201,14,54.63,month-to-month,0,1,2,5,0
C104202,56,62.83,month-to-month,2,0,3,5,0
C104203,41,79.58,one_year,0,1,3,4,0
C104204,16,100.18,month-to-month,1,1,3,5,0
C104205,5,75.74,month-to-month,2,0,1,5,0
C104206,0,109.32,month-to-month,1,0,1,2,1
C104207,8,60.95,month-to-month,0,1,2,4,1
C104208,40,87.42,two_year,1,0,2,4,0
C104209,19,90.01,month-to-month,2,1,4,4,0
C104210,35,73.86,two_year,0,1,1,3,0
C104211,3,86.87,two_year,0,0,1,2,0
C104212,34,44.87,one_year,0,0,2,3,0
C104213,72,103.31,two_year,2,1,3,2,0
C104214,1,90.53,month-to-month,2,1,2,2,1
C104215,3,74.47,one_year,5,1,2,3,0
C104216,46,61.52,two_year,3,1,4,4,0
C104217,12,91.33,month-to-month,3,0,1,2,1
C104218,9,43.13,two_year,1,1,2,4,0
C104219,45,88.69,one_year,1,0,4,5,0
C104220,51,93.53,two_year,2,0,2,3,0
C104221,72,132.89,month-to-month,1,1,3,4,0
C104222,7,68.17,two_year,1,1,3,5,0
C104223,21,104.28,month-to-month,2,1,3,2,1
C104224,2,85.9,month-to-month,0,1,4,2,0
C104225,17,30.37,two_year,1,1,2,4,0
C104226,44,38.24,one_year,3,0,2,2,0
C104227,10,57.12,month-to-month,0,1,3,4,0
C104228,17,99.44,one_year,1,0,1,4,0
C104229,26,106.65,month-to-month,2,0,1,4,1
C104230,2,64.26,one_year,2,1,1,1,0
C104231,8,81.28,one_year,1,1,2,2,0
C104232,11,76.03,month-to-month,0,1,3,1,1
C104233,59,15.0,month-to-month,4,1,1,5,0
C104234,29,97.78,month-to-month,1,1,3,3,0
C104235,23,105.72,one_year,0,1,1,2,1
C104236,7,15.0,two_year,3,0,4,3,0
C104237,46,47.01,month-to-month,6,1,1,4,0
C104238,6,68.29,month-to-month,0,1,4,4,0
C104239,35,68.29,month-to-month,3,1,1,1,1
C104240,8,96.65,month-to-month,1,1,1,2,0
C104241,71,99.63,month-to-month,2,1,1,4,0
C104242,1,56.59,month-to-month,2,0,1,2,1
C104243,3,87.35,month-to-month,2,1,3,1,1
C104244,54,54.3,month-to-month,2,1,2,5,0
C104245,4,62.64,month-to-month,1,1,1,2,1
C104246,21,76.32,two_year,0,1,1,4,0
C104247,11,84.03,month-to-month,1,1,1,1,1
C104248,21,54.74,one_year,1,1,3,2,0
C104249,23,118.03,one_year,2,0,1,1,1
C104250,15,75.52,month-to-month,2,1,3,2,1
C104251,16,70.57,one_year,1,1,3,1,0
C104252,32,89.68,month-to-month,5,1,1,4,1
C104253,5,54.64,two_year,0,1,3,3,0
C104254,29,78.2,month-to-month,2,0,4,2,0
C104255,1,15.0,month-to-month,3,0,3,2,0
C104256,37,27.56,month-to-month,2,1,1,4,0
C104257,12,61.24,one_year,2,1,4,3,0
C104258,28,58.67,month-to-month,2,0,2,4,1
C104259,4,61.43,month-to-month,0,0,2,5,0
C104260,72,54.14,month-to-month,1,1,2,4,0
C104261,61,84.93,two_year,2,1,1,5,0
C104262,50,100.69,month-to-month,5,1,3,2,1
C104263,41,57.74,month-to-month,1,1,1,3,0
C104264,33,96.31,month-to-month,0,0,3,4,0
C104265,0,79.93,month-to-month,1,1,2,5,0
C104266,15,40.26,two_year,1,1,1,5,0
C104267,6,36.66,one_year,2,1,3,5,0
C104268,2,71.71,month-to-month,2,1,4,2,0
C104269,29,97.35,one_year,2,1,1,2,0
C104270,72,47.39,one_year,2,1,1,2,0
C104271,72,18.11,one_year,0,1,1,2,0
C104272,12,94.64,month-to-month,1,0,2,4,0
C104273,6,99.27,month-to-month,1,1,1,5,0
C104274,22,64.74,month-to-month,2,0,2,2,1
C104275,3,97.65,month-to-month,0,1,4,2,0
C104276,41,121.19,month-to-month,0,1,3,4,0
C104277,54,49.25,one_year,2,0,1,5,0
C104278,23,60.84,month-to-month,2,1,1,4,0
C104279,52,61.02,two_year,2,0,1,5,0
C104280,5,97.61,month-to-month,3,1,1,4,1
C104281,50,49.24,month-to-month,4,0,1,4,0
C104282,9,62.63,two_year,3,1,3,3,0
C104283,17,102.34,month-to-month,3,0,1,3,1
C104284,61,95.88,month-to-month,1,0,2,3,0
C104285,17,97.09,one_year,1,1,2,2,0
C104286,39,47.64,month-to-month,1,1,1,3,0
C104287,6,81.73,month-to-month,1,1,1,3,0
C104288,1,56.24,one_year,3,0,2,1,0
C104289,69,93.74,month-to-month,0,0,4,5,0
C104290,60,83.35,month-to-month,3,0,1,3,1
C104291,37,88.49,one_year,2,1,2,4,0
C104292,16,66.6,month-to-month,1,0,3,2,0
C104293,6,74.51,month-to-month,0,0,2,5,1
C104294,1,80.31,month-to-month,1,0,1,3,1
C104295,47,65.64,month-to-month,2,1,1,1,0
C104296,54,78.94,month-to-month,0,1,1,3,0
C104297,7,46.81,month-to-month,1,1,1,3,1
C104298,26,41.53,month-to-month,1,0,4,2,0
C104299,17,28.36,month-to-month,1,0,1,3,0
C104300,16,67.3,month-to-month,2,1,3,2,1
C104301,16,91.84,month-to-month,0,1,2,3,0
C104302,17,81.68,one_year,0,1,2,1,0
C104303,2,21.81,one_year,0,1,1,5,0
C104304,6,80.96,month-to-month,1,0,1,2,1
C104305,6,72.01,month-to-month,1,1,1,5,0
C104306,12,67.06,one_year,1,0,2,1,0
C104307,12,76.64,two_year,2,0,4,5,0
C104308,72,85.33,two_year,1,0,3,3,0
C104309,62,104.91,month-to-month,1,0,1,5,0
C104310,29,101.94,one_year,1,1,4,1,0
C104311,11,118.49,one_year,3,1,1,5,1
C104312,20,85.67,two_year,3,0,2,1,0
C104313,16,56.61,month-to-month,1,1,1,4,1
C104314,11,104.21,two_year,2,1,1,4,0
C104315,46,41.24,month-to-month,1,0,3,3,0
C104316,36,91.97,month-to-month,1,1,1,3,0
C104317,30,45.96,month-to-month,1,0,2,1,1
C104318,11,57.03,two_year,0,0,3,5,0
C104319,12,101.5,month-to-month,2,0,3,5,0
C104320,11,56.04,month-to-month,1,0,2,3,0
C104321,28,97.69,two_year,0,1,3,4,0
C104322,32,86.94,one_year,2,0,1,3,0
C104323,40,67.92,one_year,1,0,3,4,0
C104324,20,89.75,month-to-month,2,1,2,3,1
C104325,8,86.36,one_year,1,0,1,2,0
C104326,39,74.98,month-to-month,2,1,1,3,0
C104327,23,55.73,month-to-month,0,1,3,1,1
C104328,72,92.02,month-to-month,2,0,3,3,0
C104329,11,63.41,month-to-month,1,0,3,5,0
C104330,4,70.03,one_year,2,1,3,5,0
C104331,44,82.39,month-to-month,2,1,1,1,0
C104332,0,69.02,month-to-month,0,0,2,1,1
C104333,4,77.76,month-to-month,2,0,2,4,1
C104334,23,78.91,one_year,0,1,2,2,0
C104335,28,78.38,month-to-month,2,0,1,3,0
C104336,7,74.81,month-to-month,2,0,2,5,0
C104337,1,105.5,two_year,2,0,2,3,0
C104338,19,59.68,month-to-month,3,1,2,5,0
C104339,36,60.92,two_year,4,1,3,4,0
C104340,72,40.65,one_year,3,1,1,5,0
C104341,9,15.0,month-to-month,2,0,1,5,1
C104342,9,87.86,month-to-month,3,1,1,5,0
C104343,29,83.2,month-to-month,1,1,2,2,0
C104344,37,106.72,one_year,0,1,1,3,0
C104345,8,35.88,two_year,1,1,3,3,0
C104346,3,52.52,two_year,2,0,1,2,0
C104347,7,57.42,month-to-month,2,0,3,4,1
C104348,7,119.25,month-to-month,6,0,2,3,1
C104349,17,94.03,one_year,1,0,1,1,0
C104350,5,66.99,month-to-month,1,1,1,5,0
C104351,2,70.75,one_year,4,1,3,2,0
C104352,72,78.91,one_year,3,0,4,5,0
C104353,22,43.67,month-to-month,2,1,4,4,1
C104354,0,79.58,month-to-month,4,1,1,1,1
C104355,30,44.79,one_year,1,0,2,4,0
C104356,5,73.56,month-to-month,1,1,2,4,0
C104357,12,87.99,month-to-month,2,0,2,4,1
C104358,19,77.96,month-to-month,0,0,1,1,1
C104359,32,53.91,two_year,1,1,2,2,0
C104360,72,64.05,month-to-month,0,0,3,5,0
C104361,7,90.55,one_year,1,1,2,1,1
C104362,1,58.43,month-to-month,1,1,3,4,1
C104363,5,37.71,two_year,1,1,2,4,0
C104364,10,64.07,month-to-month,1,0,4,3,0
C104365,6,58.15,one_year,0,1,2,5,0
C104366,13,65.73,two_year,0,1,1,4,0
C104367,13,70.59,month-to-month,1,1,3,5,0
C104368,71,62.13,month-to-month,4,0,2,5,0
C104369,72,61.96,month-to-month,2,0,1,1,1
C104370,14,92.79,month-to-month,2,0,1,4,1
C104371,11,84.73,one_year,0,0,4,4,0
C104372,52,93.88,one_year,0,1,2,5,0
C104373,29,72.26,one_year,2,0,2,3,0
C104374,52,61.02,two_year,2,0,1,5,0
C104375,13,77.86,two_year,1,0,1,3,1
C104376,1,34.74,two_year,0,1,2,1,0
C104377,9,42.64,month-to-month,3,0,1,3,0
C104378,5,90.79,one_year,0,1,3,1,0
C104379,23,58.35,one_year,1,1,4,5,0
C104380,21,53.9,month-to-month,3,0,1,5,0
C104381,3,43.51,two_year,1,1,1,5,0
C104382,39,80.97,month-to-month,4,0,2,5,0
C104383,27,40.8,month-to-month,0,1,3,5,0
C104384,13,99.82,two_year,1,1,2,1,0
C104385,14,74.93,month-to-month,3,0,3,2,0
C104386,15,27.14,month-to-month,2,1,3,5,0
C104387,28,57.48,month-to-month,0,1,4,2,0
C104388,16,45.12,month-to-month,1,0,3,5,0
C104389,56,83.23,one_year,1,1,1,5,0
C104390,24,82.67,month-to-month,4,1,1,5,0
C104391,11,57.93,two_year,1,1,3,3,0
C104392,36,54.12,one_year,1,1,2,3,0
C104393,21,80.48,two_year,0,1,2,5,0
C104394,5,54.44,two_year,1,1,4,2,0
C104395,26,102.24,month-to-month,2,1,1,5,0
C104396,54,53.56,month-to-month,1,1,4,2,0
C104397,15,78.15,month-to-month,0,0,2,5,0
C104398,21,21.42,two_year,4,0,1,4,0
C104399,2,78.81,month-to-month,0,1,3,4,0
C104400,1,54.39,month-to-month,0,1,2,3,0
C104401,7,76.12,month-to-month,3,1,1,1,1
C104402,72,96.68,one_year,0,0,4,1,0
C104403,3,65.19,month-to-month,0,1,2,3,0
C104404,9,15.0,one_year,1,1,2,2,0
C104405,26,19.34,month-to-month,0,1,1,5,0
C104406,54,71.42,month-to-month,2,1,1,3,0
C104407,72,47.39,month-to-month,0,1,4,2,0
C104408,25,41.03,month-to-month,1,0,2,5,0
C104409,1,94.2,month-to-month,0,1,1,5,1
C104410,14,63.57,month-to-month,1,0,4,2,1
C104411,55,91.91,two_year,3,1,1,2,0
C104412,9,91.43,month-to-month,2,0,4,5,0
C104413,0,59.36,month-to-month,0,0,3,3,1
C104414,62,72.12,month-to-month,0,1,2,5,0
C104415,53,39.98,two_year,0,0,3,1,0
C104416,31,78.64,one_year,1,1,4,5,0
C104417,4,67.93,month-to-month,1,1,1,2,1
C104418,30,107.28,two_year,1,0,1,5,0
C104419,3,89.17,month-to-month,1,0,3,3,1
C104420,7,64.59,one_year,3,0,1,3,0
C104421,1,51.84,month-to-month,1,1,1,3,1
C104422,6,63.14,month-to-month,2,0,2,1,0
C104423,52,68.49,one_year,2,0,1,2,0
C104424,33,86.88,two_year,2,1,3,4,0
C104425,27,93.39,one_year,1,1,2,4,0
C104426,22,39.07,month-to-month,0,1,1,1,0
C104427,6,42.92,month-to-month,2,0,2,1,0
C104428,2,76.51,month-to-month,1,1,1,5,0
C104429,7,38.79,two_year,0,1,2,4,0
C104430,47,66.02,one_year,1,1,3,5,0
C104431,17,24.92,month-to-month,1,1,3,1,1
C104432,2,60.24,one_year,2,1,1,5,0
C104433,8,57.18,month-to-month,1,0,4,3,1
C104434,14,60.39,month-to-month,1,1,1,5,1
C104435,5,52.42,month-to-month,0,0,2,4,0
C104436,3,80.05,month-to-month,4,1,2,4,0
C104437,16,89.84,month-to-month,1,1,3,5,0
C104438,50,85.91,month-to-month,0,0,4,5,0
C104439,6,61.52,month-to-month,2,0,1,4,0
C104440,14,60.58,month-to-month,0,0,1,4,1
C104441,38,51.96,month-to-month,1,1,1,2,0
C104442,20,50.53,month-to-month,1,0,2,2,0
C104443,24,64.03,one_year,0,0,1,3,0
C104444,30,63.92,one_year,1,1,1,1,0
C104445,40,62.95,month-to-month,0,1,4,5,0
C104446,1,73.84,two_year,1,0,2,3,0
C104447,20,88.83,two_year,0,1,1,1,0
C104448,2,52.61,month-to-month,2,0,1,1,1
C104449,4,62.43,one_year,3,1,2,2,0
C104450,1,81.61,month-to-month,2,1,1,2,0
C104451,5,73.13,month-to-month,0,1,1,2,0
C104452,50,48.77,month-to-month,0,1,1,4,0
C104453,4,39.67,one_year,2,1,2,2,1
C104454,1,84.11,month-to-month,1,0,2,4,1
C104455,7,42.56,month-to-month,0,1,2,4,0
C104456,35,78.39,month-to-month,4,1,2,3,1
C104457,18,44.16,one_year,3,0,2,4,0
C104458,19,111.05,month-to-month,0,0,2,4,0
C104459,26,43.0,one_year,1,0,2,2,0
C104460,9,112.66,two_year,2,1,1,2,0
C104461,37,86.87,month-to-month,1,0,2,5,0
C104462,16,102.48,month-to-month,2,0,1,4,1
C104463,9,98.87,two_year,0,1,2,2,0
C104464,7,81.82,month-to-month,2,0,1,4,1
C104465,72,61.87,two_year,3,0,1,5,0
C104466,37,128.62,month-to-month,3,0,1,1,1
C104467,19,59.36,two_year,3,1,1,1,0
C104468,17,73.94,month-to-month,0,1,2,2,0
C104469,22,36.83,month-to-month,4,0,4,2,1
C104470,1,69.24,month-to-month,2,0,1,5,1
C104471,2,83.74,two_year,3,1,1,4,0
C104472,25,52.52,month-to-month,2,0,3,2,0
C104473,27,72.91,month-to-month,2,0,2,3,0
C104474,53,62.6,two_year,1,1,2,1,0
C104475,23,61.26,two_year,0,1,1,1,0
C104476,33,84.74,month-to-month,1,0,1,5,0
C104477,20,90.72,one_year,3,1,2,3,0
C104478,12,51.64,month-to-month,2,1,2,3,1
C104479,15,27.8,one_year,0,0,3,4,0
C104480,72,80.9,two_year,3,0,2,5,0
C104481,65,43.24,month-to-month,1,1,1,1,0
C104482,52,58.57,two_year,1,1,2,5,0
C104483,20,49.66,one_year,4,1,2,5,0
C104484,6,93.82,two_year,3,0,2,2,1
C104485,2,122.53,two_year,0,1,2,2,0
C104486,58,55.44,month-to-month,1,1,1,2,0
C104487,3,122.24,month-to-month,0,1,2,1,0
C104488,11,73.5,two_year,1,1,2,3,0
C104489,40,61.46,month-to-month,1,0,2,1,1
C104490,6,96.68,one_year,1,0,3,4,1
C104491,38,116.2,month-to-month,2,1,2,1,1
C104492,6,63.97,two_year,2,1,2,3,0
C104493,37,61.68,month-to-month,1,1,1,1,1
C104494,30,114.66,one_year,6,1,3,5,0
C104495,8,90.94,month-to-month,2,0,1,4,0
C104496,10,15.0,month-to-month,0,1,2,3,0
C104497,11,65.5,month-to-month,1,0,2,2,1
C104498,21,49.96,month-to-month,2,1,4,5,1
C104499,57,55.13,month-to-month,1,0,1,3,0
C104500,19,72.37,month-to-month,2,0,1,3,0
C104501,13,57.79,month-to-month,2,1,3,5,0
C104502,12,59.54,month-to-month,3,1,3,2,1
C104503,5,119.85,month-to-month,0,1,2,3,0
C104504,27,29.82,month-to-month,2,0,3,5,0
C104505,16,73.37,month-to-month,0,0,1,1,0
C104506,54,83.8,month-to-month,2,0,3,2,1
C104507,17,34.16,two_year,1,1,2,1,0
C104508,72,41.67,two_year,0,0,1,3,0
C104509,14,41.74,two_year,0,0,1,1,1
C104510,17,90.05,two_year,1,0,1,1,0
C104511,5,42.94,month-to-month,1,1,1,2,1
C104512,37,81.48,one_year,0,0,1,5,0
C104513,1,40.18,one_year,3,1,1,5,0
C104514,5,38.68,month-to-month,2,0,3,3,1
C104515,9,80.12,one_year,1,0,1,2,0
C104516,44,89.35,month-to-month,2,0,3,3,0
C104517,23,36.38,one_year,0,0,1,2,0
C104518,9,44.29,month-to-month,1,0,2,5,1
C104519,59,75.16,one_year,2,1,1,4,0
C104520,43,45.32,month-to-month,0,1,2,5,0
C104521,1,40.65,two_year,0,1,1,3,1
C104522,7,42.57,one_year,1,1,2,1,0
C104523,29,76.19,month-to-month,2,1,2,5,1
C104524,49,15.0,month-to-month,0,1,1,4,0
C104525,33,111.67,two_year,1,1,2,4,0
C104526,52,107.81,one_year,1,0,1,2,0
C104527,3,99.43,two_year,0,0,3,2,1
C104528,0,63.63,one_year,1,0,2,1,1
C104529,14,52.26,month-to-month,3,0,3,1,1
C104530,2,81.74,month-to-month,0,1,2,3,0
C104531,26,41.69,month-to-month,2,0,3,3,0
C104532,59,121.31,one_year,3,0,3,3,0
C104533,13,53.78,month-to-month,3,1,4,2,1
C104534,21,97.8,one_year,1,1,2,1,0
C104535,12,88.49,month-to-month,1,0,1,1,1
C104536,4,57.87,month-to-month,2,1,3,4,1
C104537,3,63.01,month-to-month,4,1,2,1,1
C104538,30,48.4,month-to-month,1,1,3,2,0
C104539,56,71.17,month-to-month,1,1,1,4,0
C104540,11,83.32,two_year,1,0,1,3,0
C104541,4,69.05,two_year,1,0,2,5,0
C104542,42,60.28,two_year,4,1,1,1,0
C104543,7,69.41,month-to-month,1,1,1,2,0
C104544,35,99.17,month-to-month,1,1,2,3,0
C104545,25,90.78,one_year,4,1,3,3,0
C104546,9,81.01,month-to-month,3,1,2,1,1
C104547,17,53.43,month-to-month,1,0,1,1,1
C104548,11,57.24,month-to-month,1,1,3,3,0
C104549,3,80.82,two_year,3,1,2,1,0
C104550,6,59.2,one_year,1,0,1,2,0
C104551,20,51.9,month-to-month,1,1,4,3,0
C104552,36,102.27,month-to-month,2,1,1,2,1
C104553,2,71.41,month-to-month,2,1,1,3,0
C104554,5,74.43,month-to-month,2,1,1,3,1
C104555,0,54.35,two_year,1,0,1,2,1
C104556,72,75.63,month-to-month,0,0,2,4,0
C104557,3,88.61,month-to-month,0,1,2,3,1
C104558,11,75.39,month-to-month,1,0,4,1,1
C104559,1,32.49,two_year,2,1,2,4,0
C104560,17,56.75,two_year,1,0,1,1,0
C104561,24,81.81,one_year,0,0,2,1,0
C104562,18,74.25,month-to-month,2,1,4,2,0
C104563,27,93.12,month-to-month,1,0,1,1,1
C104564,6,61.14,month-to-month,0,1,4,4,0
C104565,59,67.14,month-to-month,1,0,2,5,0
C104566,35,90.74,one_year,0,1,2,2,1
C104567,5,67.2,two_year,0,1,4,2,0
C104568,14,89.46,two_year,2,1,2,4,0
C104569,0,25.4,one_year,0,1,3,2,0
C104570,42,44.85,two_year,1,0,1,3,0
C104571,54,90.93,month-to-month,2,1,3,3,1
C104572,18,88.07,month-to-month,1,1,4,5,0
C104573,11,87.0,one_year,2,1,3,1,0
C104574,39,90.73,two_year,0,1,2,4,0
C104575,11,90.97,two_year,1,1,1,3,0
C104576,1,40.88,month-to-month,3,1,1,2,0
C104577,26,107.31,month-to-month,2,1,2,2,0
C104578,13,89.42,month-to-month,2,0,1,5,0
C104579,72,39.22,month-to-month,2,1,2,3,0
C104580,17,35.81,month-to-month,1,1,1,2,0
C104581,3,77.98,one_year,2,0,1,3,1
C104582,37,51.38,one_year,2,0,2,1,0
C104583,72,80.56,month-to-month,0,1,3,2,0
C104584,3,60.76,month-to-month,2,1,1,5,0
C104585,9,31.15,month-to-month,1,1,2,1,0
C104586,16,47.21,month-to-month,0,0,1,3,1
C104587,29,58.53,two_year,2,1,1,3,0
C104588,29,67.56,month-to-month,1,0,1,1,0
C104589,23,87.21,two_year,2,0,4,4,0
C104590,48,51.69,month-to-month,2,0,1,4,0
C104591,32,79.3,month-to-month,1,0,3,1,0
C104592,1,62.29,one_year,0,1,1,5,0
C104593,72,64.7,month-to-month,2,1,2,4,0
C104594,42,15.0,two_year,2,1,3,2,0
C104595,27,55.42,two_year,3,1,2,4,0
C104596,37,32.34,month-to-month,2,0,3,5,0
C104597,42,84.35,month-to-month,1,0,1,2,0
C104598,1,94.37,month-to-month,4,1,2,2,1
C104599,24,78.41,month-to-month,2,0,2,4,0
C104600,4,118.53,two_year,0,0,4,1,0
C104601,7,74.22,one_year,3,1,2,1,0
C104602,41,88.35,two_year,2,1,2,3,0
C104603,19,59.38,two_year,1,1,3,4,0
C104604,9,76.65,month-to-month,1,0,3,5,0
C104605,5,42.69,month-to-month,1,1,4,5,0
C104606,16,60.35,month-to-month,1,1,1,4,0
C104607,3,93.18,month-to-month,0,0,3,3,0
C104608,12,67.53,two_year,0,0,4,5,0
C104609,47,59.62,month-to-month,1,1,4,4,0
C104610,11,64.88,two_year,1,0,3,4,0
C104611,17,80.02,month-to-month,1,1,1,5,0
C104612,71,101.38,two_year,1,1,1,3,0
C104613,11,30.79,two_year,2,1,3,3,0
C104614,8,67.27,two_year,3,1,1,4,0
C104615,13,64.42,one_year,2,1,2,4,0
C104616,12,61.81,month-to-month,2,1,1,4,0
C104617,72,67.1,two_year,2,0,1,3,0
C104618,0,80.4,month-to-month,3,0,2,3,1
C104619,4,96.48,month-to-month,0,1,4,1,0
C104620,37,25.32,month-to-month,3,0,2,2,1
C104621,0,38.44,month-to-month,1,0,3,4,0
C104622,14,70.42,month-to-month,2,1,2,5,0
C104623,29,31.89,month-to-month,1,0,3,1,0
C104624,1,78.77,one_year,1,0,2,4,1
C104625,9,46.55,two_year,0,0,2,2,1
C104626,8,64.13,month-to-month,1,1,4,3,1
C104627,17,38.78,one_year,3,1,1,2,0
C104628,23,44.92,two_year,0,1,2,4,0
C104629,34,134.57,two_year,1,0,1,1,0
C104630,2,59.1,month-to-month,2,1,1,1,1
C104631,7,102.85,one_year,1,0,3,4,0
C104632,34,66.21,one_year,3,0,2,5,0
C104633,49,82.91,two_year,2,0,3,4,0
C104634,9,47.42,month-to-month,1,1,3,5,0
C104635,1,79.43,month-to-month,4,1,2,1,1
C104636,4,54.25,month-to-month,0,0,3,4,1
C104637,38,15.0,two_year,0,1,3,5,0
C104638,3,15.0,month-to-month,1,1,4,5,0
C104639,6,64.0,month-to-month,3,0,4,5,0
C104640,5,83.41,month-to-month,1,1,2,1,1
C104641,13,47.66,one_year,1,1,2,1,0
C104642,25,40.61,month-to-month,0,1,3,5,1
C104643,4,52.8,one_year,0,1,4,5,0
C104644,15,107.58,two_year,1,1,4,3,0
C104645,63,21.31,one_year,1,0,3,4,0
C104646,16,82.93,month-to-month,4,0,4,4,1
C104647,16,95.22,month-to-month,0,0,1,5,0
C104648,32,33.23,two_year,0,1,4,4,0
C104649,20,43.64,one_year,2,1,2,5,0
C104650,14,56.81,two_year,2,1,2,2,0
C104651,44,50.07,month-to-month,1,1,3,5,0
C104652,4,90.28,one_year,1,1,3,1,0
C104653,6,68.68,month-to-month,1,1,4,1,1
C104654,72,53.54,one_year,3,1,4,1,0
C104655,7,75.67,one_year,1,0,4,4,1
C104656,2,96.81,month-to-month,2,0,1,1,1
C104657,4,57.53,one_year,2,1,2,1,1
C104658,69,46.32,month-to-month,0,1,2,3,0
C104659,5,89.76,two_year,0,1,4,2,0
C104660,18,109.73,one_year,0,0,1,2,0
C104661,32,105.56,month-to-month,1,1,1,3,0
C104662,1,87.13,two_year,3,1,2,3,0
C104663,8,63.19,month-to-month,1,1,2,5,0
C104664,32,87.79,one_year,0,1,3,5,0
C104665,8,81.81,one_year,3,0,1,5,0
C104666,11,83.32,month-to-month,2,1,2,5,0
C104667,20,67.36,two_year,2,1,1,3,0
C104668,39,93.95,one_year,1,0,1,5,0
C104669,9,90.19,one_year,1,0,1,3,0
C104670,4,37.36,month-to-month,1,0,2,2,0
C104671,1,86.22,month-to-month,3,1,1,1,1
C104672,8,44.0,month-to-month,0,0,4,2,1
C104673,26,71.68,month-to-month,2,1,4,4,0
C104674,59,65.3,one_year,1,1,3,2,0
C104675,17,80.83,one_year,0,1,2,2,0
C104676,4,56.58,month-to-month,1,0,2,3,0
C104677,23,60.0,two_year,1,0,1,1,0
C104678,2,56.29,month-to-month,3,1,3,1,0
C104679,3,56.89,month-to-month,4,0,2,1,0
C104680,4,33.76,one_year,3,1,4,3,0
C104681,63,81.99,month-to-month,3,1,2,1,0
C104682,23,54.79,one_year,0,1,3,1,0
C104683,0,77.8,one_year,5,1,1,5,0
C104684,64,68.96,one_year,1,1,2,5,0
C104685,12,79.6,one_year,2,0,2,4,0
C104686,4,83.62,month-to-month,0,1,1,2,0
C104687,27,37.15,month-to-month,2,0,1,2,1
C104688,17,66.42,one_year,4,0,2,4,0
C104689,24,74.05,month-to-month,3,1,4,4,1
C104690,14,52.13,one_year,0,0,1,1,0
C104691,6,53.12,one_year,1,1,1,3,0
C104692,0,78.57,month-to-month,0,0,4,2,0
C104693,26,101.01,month-to-month,2,1,2,2,0
C104694,16,82.99,month-to-month,1,1,1,5,0
C104695,13,86.77,month-to-month,2,1,2,1,1
C104696,23,77.39,month-to-month,1,1,2,4,1
C104697,17,116.7,two_year,2,0,1,2,0
C104698,60,70.74,month-to-month,2,1,4,5,0
C104699,31,92.11,month-to-month,1,0,2,3,0
C104700,63,150.0,month-to-month,2,1,1,4,0
C104701,6,78.94,month-to-month,3,0,2,1,1
C104702,23,69.31,one_year,0,1,1,5,0
C104703,57,31.22,two_year,0,0,1,2,0
C104704,35,29.73,month-to-month,1,0,4,1,0
C104705,12,122.43,one_year,3,0,1,1,1
C104706,32,71.2,two_year,3,1,2,1,0
C104707,21,47.29,month-to-month,0,1,2,2,0
C104708,8,57.56,month-to-month,1,0,4,4,0
C104709,32,42.1,month-to-month,1,1,2,2,1
C104710,3,69.41,month-to-month,2,1,3,4,0
C104711,2,53.63,two_year,1,1,4,5,0
C104712,5,83.99,one_year,2,1,1,4,0
C104713,4,106.7,month-to-month,2,1,1,3,1
C104714,49,81.79,month-to-month,2,1,1,5,0
C104715,6,70.92,one_year,1,1,2,4,0
C104716,72,70.55,month-to-month,2,0,3,4,0
C104717,1,103.9,month-to-month,2,1,2,1,1
C104718,2,37.06,month-to-month,3,0,1,5,1
C104719,13,46.16,two_year,0,0,4,2,0
C104720,23,56.13,one_year,0,1,3,1,0
C104721,24,40.22,month-to-month,0,1,4,5,0
C104722,3,82.38,two_year,0,0,1,3,0
C104723,18,60.41,one_year,1,0,1,3,0
C104724,5,46.16,month-to-month,1,1,1,5,0
C104725,7,83.42,month-to-month,1,1,1,2,0
C104726,7,67.72,two_year,1,0,2,1,0
C104727,8,79.96,two_year,0,1,2,5,0
C104728,49,69.72,month-to-month,2,0,1,1,0
C104729,39,56.83,month-to-month,0,1,3,3,0
C104730,4,43.57,month-to-month,0,1,1,2,1
C104731,28,81.26,one_year,5,1,1,3,0
C104732,6,46.99,month-to-month,2,0,4,3,1
C104733,0,95.33,month-to-month,1,0,1,1,1
C104734,2,76.17,one_year,0,0,3,4,0
C104735,33,69.05,two_year,1,1,4,2,0
C104736,27,49.86,two_year,1,1,4,3,0
C104737,18,110.6,one_year,2,1,1,5,1
C104738,3,63.42,month-to-month,2,1,4,1,1
C104739,39,83.47,month-to-month,1,1,1,5,0
C104740,17,54.08,month-to-month,1,1,4,2,0
C104741,21,98.72,two_year,0,0,1,4,0
C104742,41,80.66,two_year,1,1,1,3,0
C104743,9,95.75,month-to-month,0,1,4,1,0
C104744,9,90.64,one_year,0,1,1,3,0
C104745,3,67.1,one_year,1,1,4,1,0
C104746,10,48.61,month-to-month,2,1,3,4,0
C104747,40,71.89,two_year,3,0,3,5,0
C104748,23,54.52,month-to-month,1,0,3,2,1
C104749,7,61.25,two_year,0,0,2,4,0
C104750,8,112.51,month-to-month,3,0,3,1,1
C104751,25,93.74,one_year,3,0,2,3,0
C104752,45,78.81,two_year,2,1,4,3,0
C104753,13,87.4,month-to-month,1,0,4,4,0
C104754,0,93.27,month-to-month,0,1,2,2,0
C104755,71,76.82,one_year,1,1,2,3,0
C104756,51,69.98,two_year,1,1,2,1,0
C104757,24,74.6,month-to-month,2,1,3,4,0
C104758,1,83.61,month-to-month,4,0,2,2,1
C104759,14,122.37,one_year,1,0,2,4,0
C104760,8,43.58,one_year,4,1,1,5,0
C104761,2,73.31,month-to-month,3,1,2,2,0
C104762,13,58.8,one_year,0,0,3,2,0
C104763,17,130.47,two_year,3,0,2,5,0
C104764,17,59.23,two_year,1,1,3,5,0
C104765,8,103.15,month-to-month,2,0,4,5,0
C104766,7,87.34,two_year,2,0,4,4,0
C104767,40,84.36,one_year,2,0,3,4,0
C104768,3,98.6,month-to-month,2,1,1,5,0
C104769,18,82.7,month-to-month,1,0,1,2,0
C104770,20,65.1,two_year,1,0,4,5,0
C104771,5,118.95,month-to-month,1,1,1,4,0
C104772,1,43.98,one_year,3,1,4,2,1
C104773,17,26.89,month-to-month,4,0,2,3,1
C104774,19,53.48,month-to-month,1,1,1,2,0
C104775,4,89.77,one_year,4,0,1,1,1
C104776,0,56.12,one_year,1,1,3,4,1
C104777,18,74.99,month-to-month,3,1,4,4,0
C104778,0,95.58,one_year,2,1,1,3,1
C104779,13,89.63,month-to-month,1,1,2,3,0
C104780,35,82.88,two_year,0,0,1,3,0
C104781,45,100.09,two_year,1,0,2,2,0
C104782,21,74.09,month-to-month,0,1,4,2,0
C104783,22,99.52,month-to-month,2,0,1,2,0
C104784,4,78.19,month-to-month,2,0,3,4,0
C104785,17,110.47,month-to-month,2,1,3,2,1
C104786,7,100.22,month-to-month,1,1,4,3,1
C104787,42,75.46,month-to-month,4,0,1,4,0
C104788,12,102.19,month-to-month,3,0,1,3,1
C104789,24,96.4,month-to-month,4,1,3,5,0
C104790,34,94.66,month-to-month,2,0,2,1,1
C104791,14,82.67,month-to-month,3,0,2,1,1
C104792,65,45.92,one_year,3,1,1,1,0
C104793,18,61.9,one_year,4,0,2,1,0
C104794,8,96.79,month-to-month,1,1,4,5,1
C104795,47,105.94,month-to-month,1,1,3,1,0
C104796,27,36.65,two_year,0,0,2,1,1
C104797,0,51.95,two_year,1,0,2,1,0
C104798,7,23.93,month-to-month,1,1,3,1,1
C104799,34,41.39,one_year,1,0,2,5,0
C104800,26,89.1,one_year,1,1,3,4,0
C104801,16,58.96,one_year,2,1,3,2,1
C104802,72,86.3,one_year,3,1,1,2,0
C104803,10,109.23,month-to-month,1,1,2,1,1
C104804,29,31.41,month-to-month,2,1,4,5,1
C104805,10,77.22,one_year,2,0,3,5,0
C104806,8,82.13,month-to-month,0,0,3,5,0
C104807,6,85.29,one_year,2,0,2,1,0
C104808,2,99.97,one_year,0,0,4,1,0
C104809,3,103.12,month-to-month,2,1,1,2,0
C104810,5,88.87,one_year,1,0,2,2,0
C104811,9,51.6,month-to-month,3,1,4,3,1
C104812,72,103.39,month-to-month,1,1,4,3,0
C104813,4,127.62,month-to-month,1,1,1,5,1
C104814,14,48.14,month-to-month,0,1,1,5,0
C104815,5,72.51,two_year,1,0,1,3,0
C104816,13,84.04,one_year,2,0,2,4,0
C104817,1,66.36,month-to-month,1,1,2,5,0
C104818,8,81.21,month-to-month,1,0,1,5,0
C104819,7,82.67,two_year,2,1,1,1,0
C104820,18,102.96,two_year,2,0,3,3,0
C104821,0,67.11,month-to-month,2,1,1,4,1
C104822,16,71.76,one_year,2,1,1,4,0
C104823,2,122.99,month-to-month,1,1,4,1,0
C104824,49,102.24,two_year,2,1,1,4,0
C104825,13,64.16,month-to-month,3,0,3,3,1
C104826,35,45.52,two_year,1,0,1,5,0
C104827,43,74.0,month-to-month,3,1,2,1,1
C104828,9,88.44,month-to-month,4,0,2,4,1
C104829,39,69.32,month-to-month,0,0,1,2,0
C104830,19,41.01,one_year,1,0,1,3,0
C104831,41,44.04,month-to-month,1,1,1,5,0
C104832,39,57.7,two_year,3,1,2,3,0
C104833,4,74.43,two_year,0,1,2,2,0
C104834,26,80.78,month-to-month,1,0,2,1,1
C104835,13,101.7,month-to-month,1,1,4,4,1
C104836,1,55.88,month-to-month,1,1,3,3,0
C104837,6,52.69,two_year,3,0,3,5,0
C104838,6,30.16,one_year,0,0,4,1,0
C104839,19,47.65,one_year,2,1,1,4,0
C104840,11,66.64,two_year,1,1,2,1,1
C104841,5,65.19,month-to-month,1,1,3,5,1
C104842,37,67.55,one_year,1,1,1,3,1
C104843,4,77.3,two_year,2,1,3,3,0
C104844,33,62.86,month-to-month,4,1,1,1,1
C104845,30,36.58,month-to-month,0,0,2,4,0
C104846,5,76.93,month-to-month,0,0,3,3,0
C104847,29,80.81,month-to-month,1,1,4,4,0
C104848,28,52.38,month-to-month,4,1,3,4,0
C104849,27,150.0,month-to-month,5,1,1,3,1
C104850,72,15.0,one_year,1,0,3,5,0
C104851,64,34.0,one_year,2,1,4,1,0
C104852,14,57.41,one_year,1,0,3,5,0
C104853,9,57.34,two_year,1,0,2,3,0
C104854,3,48.63,two_year,1,1,3,4,0
C104855,10,77.53,month-to-month,2,1,1,3,1
C104856,25,99.55,month-to-month,1,0,4,5,1
C104857,43,85.15,month-to-month,2,0,3,5,0
C104858,4,77.05,one_year,0,1,1,2,0
C104859,18,110.79,month-to-month,1,0,4,4,1
C104860,4,34.0,month-to-month,1,0,2,2,1
C104861,50,66.85,month-to-month,0,1,2,1,0
C104862,59,73.43,month-to-month,2,0,1,4,0
C104863,2,63.41,one_year,1,1,1,2,0
C104864,2,68.12,one_year,0,1,2,3,0
C104865,43,66.04,month-to-month,2,1,4,4,0
C104866,14,55.27,two_year,2,1,2,3,0
C104867,11,41.84,month-to-month,2,0,1,5,0
C104868,72,44.35,month-to-month,1,1,3,4,0
C104869,57,63.26,month-to-month,2,1,2,5,0
C104870,7,81.29,month-to-month,1,0,3,5,1
C104871,7,83.83,month-to-month,0,1,2,1,1
C104872,62,89.39,one_year,2,1,2,4,0
C104873,64,15.0,month-to-month,1,1,2,4,0
C104874,14,47.95,month-to-month,1,0,2,1,1
C104875,13,41.43,one_year,1,1,1,5,0
C104876,37,70.32,two_year,1,1,1,5,0
C104877,3,70.74,month-to-month,1,1,2,3,0
C104878,9,60.17,month-to-month,3,1,1,5,0
C104879,2,95.06,month-to-month,0,1,1,1,1
C104880,4,58.56,month-to-month,0,1,3,1,1
C104881,4,73.37,month-to-month,2,0,1,5,1
C104882,10,83.67,one_year,2,1,2,3,1
C104883,34,82.0,month-to-month,0,1,4,5,0
C104884,64,62.28,month-to-month,0,1,2,3,0
C104885,5,104.47,two_year,1,1,1,3,0
C104886,5,88.06,month-to-month,7,1,2,2,0
C104887,19,94.26,two_year,3,1,1,2,0
C104888,26,76.17,two_year,2,0,4,4,0
C104889,36,75.27,one_year,2,0,2,2,0
C104890,19,50.94,one_year,0,1,2,2,0
C104891,54,22.27,one_year,0,0,3,5,0
C104892,4,42.0,two_year,1,0,3,1,0
C104893,15,31.32,one_year,0,1,4,1,0
C104894,3,69.21,two_year,2,1,1,1,0
C104895,72,33.96,month-to-month,2,0,4,4,0
C104896,72,57.21,one_year,0,1,4,4,0
C104897,24,46.73,month-to-month,2,0,2,1,1
C104898,40,70.09,two_year,0,1,2,2,0
C104899,20,65.37,month-to-month,1,1,4,3,0
C104900,72,104.44,month-to-month,6,1,4,5,1
C104901,35,92.64,month-to-month,0,1,4,3,0
C104902,18,108.82,month-to-month,3,1,2,3,0
C104903,15,72.65,two_year,1,1,1,1,0
C104904,29,25.72,one_year,1,1,2,4,0
C104905,4,94.76,month-to-month,2,0,3,1,1
C104906,13,118.76,two_year,1,1,4,4,0
C104907,2,60.27,two_year,1,0,1,5,0
C104908,12,105.77,one_year,1,0,4,2,0
C104909,59,66.09,one_year,1,0,1,1,0
C104910,17,73.23,month-to-month,1,0,1,1,1
C104911,32,67.36,month-to-month,2,1,2,2,0
C104912,2,55.23,month-to-month,2,0,1,5,1
C104913,1,58.81,two_year,1,1,4,4,0
C104914,6,26.87,two_year,2,1,2,3,0
C104915,38,74.32,month-to-month,0,1,2,1,0
C104916,6,73.65,month-to-month,3,1,3,5,1
C104917,4,87.99,one_year,1,1,1,1,0
C104918,32,69.01,month-to-month,1,1,3,2,0
C104919,20,80.71,one_year,1,0,3,1,1
C104920,4,126.11,month-to-month,1,1,3,2,0
C104921,17,95.18,month-to-month,4,0,2,2,1
C104922,6,66.85,month-to-month,1,1,3,1,1
C104923,11,76.64,one_year,0,0,3,4,0
C104924,18,70.79,one_year,2,0,2,2,0
C104925,72,102.42,month-to-month,2,1,1,4,0
C104926,12,57.71,month-to-month,4,1,2,3,0
C104927,4,96.77,two_year,3,0,4,5,0
C104928,27,80.6,one_year,3,1,3,5,0
C104929,45,15.0,month-to-month,1,0,1,4,0
C104930,41,81.9,month-to-month,0,1,2,1,0
C104931,7,56.15,month-to-month,2,1,1,1,1
C104932,55,47.45,month-to-month,3,0,4,4,0
C104933,3,69.99,one_year,1,1,1,1,1
C104934,3,77.94,month-to-month,2,0,2,3,1
C104935,34,131.29,one_year,0,1,3,4,0
C104936,30,72.0,one_year,1,1,1,1,0
C104937,18,48.59,month-to-month,1,1,2,5,0
C104938,29,67.32,one_year,0,1,2,4,0
C104939,8,81.9,one_year,0,1,2,3,0
C104940,68,46.98,month-to-month,1,0,2,4,0
C104941,12,64.37,two_year,0,0,2,3,0
C104942,35,29.95,two_year,1,1,3,3,0
C104943,52,39.39,one_year,2,1,2,5,0
C104944,17,59.52,month-to-month,0,1,1,3,0
C104945,0,88.54,one_year,3,0,2,4,0
C104946,35,47.64,month-to-month,2,0,3,3,1
C104947,72,48.92,month-to-month,2,0,1,4,0
C104948,6,67.86,two_year,0,0,4,2,0
C104949,72,44.99,one_year,0,1,1,5,0
C104950,1,56.39,one_year,1,1,2,5,0
C104951,31,47.32,month-to-month,4,0,2,5,0
C104952,59,112.98,one_year,0,1,1,3,0
C104953,72,58.39,one_year,2,1,4,2,0
C104954,1,104.64,month-to-month,0,1,1,3,1
C104955,63,73.3,one_year,0,0,1,4,0
C104956,32,114.16,one_year,2,0,1,5,0
C104957,46,45.67,two_year,2,1,4,4,0
C104958,21,74.45,month-to-month,2,1,1,1,1
C104959,6,15.0,month-to-month,1,0,1,3,1
C104960,26,102.42,month-to-month,1,1,1,5,0
C104961,31,85.52,month-to-month,3,1,1,3,0
C104962,8,61.12,one_year,2,1,1,3,0
C104963,18,120.6,one_year,2,1,2,5,0
C104964,40,141.67,month-to-month,0,0,3,3,0
C104965,36,107.98,month-to-month,2,0,2,3,0
C104966,11,109.94,month-to-month,2,1,1,1,1
C104967,29,71.6,month-to-month,0,0,2,1,0
C104968,51,49.93,two_year,3,0,1,3,0
C104969,46,32.69,two_year,2,1,4,1,0
C104970,2,96.47,one_year,0,0,4,1,0
C104971,9,23.36,one_year,5,1,2,4,0
C104972,7,65.38,month-to-month,1,0,2,2,1
C104973,15,112.98,month-to-month,2,0,2,4,1
C104974,5,79.23,two_year,0,1,1,4,0
C104975,4,38.87,month-to-month,2,1,4,2,1
C104976,34,48.83,month-to-month,0,1,1,5,0
C104977,14,102.19,month-to-month,1,1,4,4,0
C104978,7,43.91,one_year,1,1,2,1,0
C104979,4,58.86,month-to-month,2,1,1,1,0
C104980,10,35.17,two_year,3,1,2,1,0
C104981,39,68.7,one_year,0,1,4,4,0
C104982,23,54.69,one_year,2,1,1,2,0
C104983,41,95.83,month-to-month,0,0,4,5,0
C104984,38,45.5,one_year,1,1,3,1,1
C104985,72,59.38,month-to-month,5,1,1,3,1
C104986,1,15.0,month-to-month,3,1,1,3,1
C104987,29,102.88,month-to-month,0,1,2,3,0
C104988,5,100.4,month-to-month,1,0,1,2,1
C104989,6,63.16,one_year,0,1,4,2,0
C104990,2,73.94,month-to-month,3,0,4,3,1
C104991,34,81.42,two_year,2,0,1,3,0
C104992,1,96.83,month-to-month,0,0,4,1,0
C104993,20,28.84,one_year,0,1,1,2,0
C104994,5,47.54,one_year,0,1,2,3,1
C104995,35,126.92,month-to-month,2,1,1,3,0
C104996,9,99.31,two_year,1,1,2,5,0
C104997,2,84.87,two_year,0,1,1,5,0
C104998,66,70.98,month-to-month,2,1,2,5,0
C104999,6,91.25,month-to-month,2,1,3,1,0
